=== Job Hunter 开始 2026-06-18 09:14:23 ===
⏳ 随机延迟 355s（模拟人类）...
🔍 检查 Chrome 调试端口 9222...
✅ Chrome 已就绪
🚀 开始投递...

╔══════════════════════════════════════╗
║  🤖 Job Hunter v2 — Boss直聘        ║
╠══════════════════════════════════════╣
║  城市: 深圳, 上海, 广州, 北京, 武汉, 重庆, 杭州, 成都, 苏州         ║
║  搜索: 智驾测试, ADAS测试, 自动驾驶测试, 实车测试, 车载测试        ║
║  每任务上限: 15 份              ║
║  最低评分: 30               ║
║  时间: 2026-06-18 09:52           ║
╚══════════════════════════════════════╝

🔗 连接 Chrome（端口 9222）...

============================================================
📍 深圳 | 🔍 智驾测试 | 🎯 上限 15 份
============================================================
  待处理 1 个（第 1 页）
  [  0分] 铭思软件 | 电商测试工程师 | -K → 缺少必须关键词: ADAS...
  本页全不匹配 (连续 1/3 页无匹配)
  加载更多：14 → 29 个
  加载更多：29 → 44 个
  加载更多：44 → 59 个
  加载更多：59 → 74 个
  加载更多：74 → 89 个

  ☕ 休息 9s ...


============================================================
📍 深圳 | 🔍 ADAS测试 | 🎯 上限 15 份
============================================================
  加载更多：14 → 29 个
  加载更多：29 → 44 个
  待处理 3 个（第 3 页）
  [  0分] 卓驭工程 | Python测试开发【26届补录-仅26届可投递】 | -K·薪 → 缺少必须关键词: ADAS...
  [  0分] 华鑫信息 | 智能座舱测试专家-深圳 | -K → 缺少必须关键词: ADAS...
  [  0分] 齐顶科技 | 主任测试工程师 | -K → 缺少必须关键词: ADAS...
  本页全不匹配 (连续 1/3 页无匹配)
  加载更多：44 → 59 个
  待处理 1 个（第 5 页）
  [  0分] 海柔创新科技有限公司 | 高级软件测试岗 | -K → 缺少必须关键词: ADAS...
  本页全不匹配 (连续 2/3 页无匹配)
  加载更多：59 → 74 个

  ☕ 休息 10s ...


============================================================
📍 深圳 | 🔍 自动驾驶测试 | 🎯 上限 15 份
============================================================
  待处理 11 个（第 1 页）
  [ 65分] 软通动力 | 海外自动驾驶路测工程师 | -K → 目标岗位:路测、技能匹配:Linux/Shell/LIN、自动驾驶
    ✅ 已投递 (1/15)
  [ 35分] 深德科 | 飞行测试（大厂双休） | -K → 技能匹配:Linux/Shell/LIN、Linux
    ✅ 已投递 (2/15)
  [ 65分] 理想科技 | 智能驾驶工程师 | -K → 目标岗位:智能驾驶、技能匹配:Linux/Shell/LIN、Linux
    ✅ 已投递 (3/15)
  [ 65分] 软通动力 | 海外自动驾驶路测工程师 | -K → 目标岗位:路测、技能匹配:Linux/Shell/LIN、自动驾驶
    ✅ 已投递 (4/15)
  [ 30分] 聚星智能 | 外协半导体测试技术员（非标自动化） | -K → 技能匹配:Linux/LIN/路测、自动驾驶
    ✅ 已投递 (5/15)
  [ 65分]  | 深圳-自动驾驶安全员[6k-8k]五险一金 |  → 目标岗位:安全员、技能匹配:Linux/Shell/LIN、自动驾驶
    ✅ 已投递 (6/15)
  [ 35分]  | 内招C1自动挡驾驶员 工资周结 |  → 技能匹配:Linux/Shell/LIN、Linux
    ✅ 已投递 (7/15)
  [ 65分] 润芯微 | 数据采集测试员（空间智能） | -K → 目标岗位:数据采集、技能匹配:Linux/Shell/LIN、Linux
    ✅ 已投递 (8/15)
  [ 60分]  | 自动驾驶测试工程师 |  → 目标岗位:自动驾驶测试、技能匹配:Linux/LIN/路测、自动驾驶
    ✅ 已投递 (9/15)
  [ 35分] 罗宾艾克斯 | 自动驾驶系统工程师 | -K·薪 → 技能匹配:Linux/Shell/LIN、自动驾驶
    ✅ 已投递 (10/15)
  [ 35分] 深圳市鸿源瑞投资企业 | 半挂车驾驶员 | -K → 技能匹配:Linux/Shell/LIN、Linux
    ✅ 已投递 (11/15)
  加载更多：14 → 29 个
  待处理 13 个（第 3 页）
  [ 65分] 深圳市锐明技术 | 自动驾驶决策规划实习/校招 | -元/天 → 接受实习/应届、技能匹配:Linux/Shell/LIN、自动驾驶
    ✅ 已投递 (12/15)
  [ 35分]  | 测试工程师（机器人方向） |  → 技能匹配:Linux/Shell/LIN、Linux
    ✅ 已投递 (13/15)
  [ 30分]  | 测试开发工程师 |  → 技能匹配:Linux/LIN/路测、自动驾驶
    ✅ 已投递 (14/15)
  [ 35分]  | 运维工程师（无人驾驶领域） |  → 技能匹配:Linux/Shell/LIN、Linux
    ✅ 已投递 (15/15)

  ☕ 休息 9s ...


============================================================
📍 深圳 | 🔍 实车测试 | 🎯 上限 15 份
============================================================
  加载更多：14 → 29 个
  加载更多：29 → 44 个
  加载更多：44 → 59 个
  待处理 1 个（第 4 页）
  [  0分] Snapmaker | FDM整机测试工程师 | -K·薪 → 缺少必须关键词: ADAS...
  本页全不匹配 (连续 1/3 页无匹配)
  加载更多：59 → 74 个
  待处理 1 个（第 6 页）
  [  0分] 其域 | 相机测试工程师 | -K·薪 → 缺少必须关键词: ADAS...
  本页全不匹配 (连续 2/3 页无匹配)

  ☕ 休息 9s ...


============================================================
📍 深圳 | 🔍 车载测试 | 🎯 上限 15 份
============================================================
  待处理 1 个（第 1 页）
  [ 40分] 众科聚达 | ID设计师、工业设计师（车载产品）双休 | -K → 技能匹配:Linux/Shell/LIN、智驾
    ✅ 已投递 (1/15)
  加载更多：14 → 29 个
  待处理 4 个（第 3 页）
  [ 40分] 华为终端有限公司 | 车载产品售后技术支持 | -K·薪 → 技能匹配:Linux/Shell/LIN、智驾
    ✅ 已投递 (2/15)
  [ 40分]  | 车载Android开发 |  → 技能匹配:Linux/Shell/LIN、智驾
    ✅ 已投递 (3/15)
  [ 40分]  | 无人车测试主管 |  → 技能匹配:Linux/Shell/LIN、智驾
    ✅ 已投递 (4/15)
  [  0分]  | 国内后装销售营销经理（车载定位系统） |  → 标题包含排除词: 销售
  加载更多：14 → 29 个
  加载更多：29 → 44 个
  待处理 7 个（第 6 页）
  [ 40分] 华鑫信息 | 智能座舱功能测试工程师-深圳 | -K → 技能匹配:Linux/Shell/LIN、智驾
    ✅ 已投递 (6/16)
  [  0分]  | Linux 车载娱乐系统 高级系统软件工程师 |  → 标题包含排除词: 高级
  [ 40分]  | 产品经理（车载终端） |  → 技能匹配:Linux/Shell/LIN、智驾
    ✅ 已投递 (8/17)
  [ 40分]  | Android车载应用开发工程师 |  → 技能匹配:Linux/Shell/LIN、智驾
    ✅ 已投递 (9/17)
  [ 40分]  | 车载/机器人等新业务拓展专家 |  → 技能匹配:Linux/Shell/LIN、智驾
    ✅ 已投递 (10/17)
  [ 40分]  | FAE工程师（车载） |  → 技能匹配:Linux/Shell/LIN、智驾
    ✅ 已投递 (11/17)
  [  0分]  | 亚马逊资深运营（车载/智能硬件） |  → 标题包含排除词: 资深

  ☕ 休息 10s ...


============================================================
📍 上海 | 🔍 智驾测试 | 🎯 上限 15 份
============================================================
  待处理 6 个（第 1 页）
  [ 20分] 绍兴峰兆信息技术 | 功能测试 | -K → 技能匹配:ADAS/Python、ADAS
  [ 20分] 慧勒科技 | 数字钥匙测试 | -K → 技能匹配:ADAS/Python、ADAS
  [ 20分] 上海芳泥科技有限公司 | 测试 | -K·薪 → 技能匹配:ADAS/Python、ADAS
  [ 50分] 杭州绿石科技创业 | 智驾测试开发工程师 | -K → 目标岗位:智驾测试、技能匹配:ADAS/Python、ADAS
    ✅ 已投递 (4/18)
  [ 50分] 上海赛赛汽车 | ADAS智驾测试 | -K → 目标岗位:智驾测试、技能匹配:ADAS/Python、ADAS
    ✅ 已投递 (5/18)
  [ 20分] 法本 | 智驾电性能测试工程师 | -K → 技能匹配:ADAS/Python、ADAS
  加载更多：14 → 29 个
  待处理 5 个（第 3 页）
  [ 20分] 卿云信息 | QA测试 | -K → 技能匹配:ADAS/Python、ADAS
  [ 20分] 北京迈驰智行科技 | 【千里智驾】功能安全测试工程师 | -K·薪 → 技能匹配:ADAS/Python、ADAS
  [ 20分] 北京奥智元科技 | 豆包-测试 | -K → 技能匹配:ADAS/Python、ADAS
  [ 50分] 法本 | 项目经理（智驾测试经验） | -K → 目标岗位:智驾测试、技能匹配:ADAS/Python、ADAS
    ✅ 已投递 (10/22)
  [ 50分]  | 智能驾驶域控系统测试 |  → 目标岗位:智能驾驶、技能匹配:ADAS/Python、ADAS
    ✅ 已投递 (11/22)
  加载更多：14 → 29 个
  待处理 2 个（第 5 页）
  [ 20分] 宏英智能 | 电池测试技术员 | -K → 技能匹配:ADAS/Python、ADAS
  [ 20分] 外企德科数字 | 软件测试 | -K·薪 → 技能匹配:ADAS/Python、ADAS
  本页全不匹配 (连续 1/3 页无匹配)
  加载更多：29 → 44 个

  ☕ 休息 13s ...


============================================================
📍 上海 | 🔍 ADAS测试 | 🎯 上限 15 份
============================================================
  待处理 9 个（第 1 页）
  [ 50分] 版石软件(上海) | 车载软件开发测试 (ADAS辅助驾驶--统专) | -K → 目标岗位:辅助驾驶、技能匹配:ADAS/Python、ADAS
    ✅ 已投递 (1/15)
  [ 20分]  | adas 产品工程师 |  → 技能匹配:ADAS/Python、ADAS
  [ 20分] polelink | ADAS HIL 测试工程师 | -K → 技能匹配:ADAS/Python、ADAS
  [ 20分] 杭州忠鼎安信科技 | ADAS- HIL测试工程师 | -K → 技能匹配:ADAS/Python、ADAS
  [ 20分] 济让 | 车载集成测试工程师(吉利集团) | -K → 技能匹配:ADAS/Python、ADAS
  [ 50分] 中科创达 | 自动驾驶测试开发工程师 | -K → 目标岗位:自动驾驶测试、技能匹配:ADAS/Python、ADAS
    ✅ 已投递 (6/19)
  [ 50分]  | ADAS测试工程师（主动安全测试） |  → 目标岗位:ADAS测试、技能匹配:ADAS/Python、ADAS
    ✅ 已投递 (7/19)
  [ 20分] 责亚汽车设计 | ADAS Test Engineer | -K → 技能匹配:ADAS/Python、ADAS
  [ 20分] 极豆车联网 | HIL仿真测试工程师（外包酷睿程）-adas方向 | -K → 技能匹配:ADAS/Python、ADAS
  待处理 1 个（第 2 页）
  [ 20分] 睿力汽车 | adas系统功能开发 | -K·薪 → 技能匹配:ADAS/Python、ADAS
  本页全不匹配 (连续 1/3 页无匹配)
  加载更多：14 → 29 个
  待处理 9 个（第 4 页）
  [ 20分] 人瑞网络科技 | 电性能测试（汽车方向） | -K → 技能匹配:ADAS/Python、ADAS
  [ 50分] 上海瑞应人才科技 | 智能驾驶ADAS技术工程师（黑芝麻，好项目） | -K → 目标岗位:智能驾驶、技能匹配:ADAS/Python、ADAS
    ✅ 已投递 (12/23)
  [ 80分]  | 智能驾驶测试实习技师（27届） |  → 目标岗位:智能驾驶、接受实习/应届、技能匹配:ADAS/Python、ADAS
    ✅ 已投递 (13/23)
  [ 20分]  | 产品工程师（ADAS） |  → 技能匹配:ADAS/Python、ADAS
  [ 20分]  | ADAS系统工程师 (MJ000122) |  → 技能匹配:ADAS/Python、ADAS
  [ 20分]  | ADAS仿真测试工程师 |  → 技能匹配:ADAS/Python、ADAS
  [ 50分]  | ADAS测试工程师 |  → 目标岗位:ADAS测试、技能匹配:ADAS/Python、ADAS
    ✅ 已投递 (17/26)
  [ 20分]  | Engineer, T&V Testing (AD |  → 技能匹配:ADAS/Python、ADAS
  [ 20分]  | ADAS HIL测试工程师 |  → 技能匹配:ADAS/Python、ADAS
  加载更多：14 → 29 个
  待处理 1 个（第 6 页）
  [ 20分] 特斯拉 Tesla | ADAS软件测试工程师，英文流利 (MJ00680 | -K → 技能匹配:ADAS/Python、ADAS
  本页全不匹配 (连续 1/3 页无匹配)

  ☕ 休息 11s ...


============================================================
📍 上海 | 🔍 自动驾驶测试 | 🎯 上限 15 份
============================================================
  待处理 5 个（第 1 页）
  [ 10分] 法本 | 自动驾驶车辆调度 | -K → 自动驾驶
  [ 10分] 人瑞网络科技 | 自动驾驶地图数据制作师 | -K → 自动驾驶
  [ 10分] 四川人瑞 | 自动驾驶车辆改制工程师 | -K → 自动驾驶
  [ 10分] 广州吉飞 | 自动驾驶数据标注兼职 | -元/天 → 自动驾驶
  [ 35分] 北京软通动力云计... | 道路测试工程师 | -K → 目标岗位:道路测试、技能匹配:路测
    ✅ 已投递 (5/19)
  加载更多：14 → 29 个
  待处理 7 个（第 3 页）
  [ 10分] 中软国际 | 数据分析-自动驾驶 | -K → 自动驾驶
  [ 10分] 文远知行 | 自动驾驶系统验证工程师 | -K·薪 → 自动驾驶
  [ 40分] 盟识科技 | 自动驾驶测试工程师-00025 | -K → 目标岗位:自动驾驶测试、自动驾驶
    ✅ 已投递 (8/21)
  [  5分]  | Python车载自动化测试工程师 |  → 技能匹配:Python
  [ 10分]  | 自动驾驶远程调度员 |  → 自动驾驶
  [ 10分]  | 重卡自动驾驶工程师 |  → 自动驾驶
  [ 40分]  | 自动驾驶测试研发工程师（上海） |  → 目标岗位:自动驾驶测试、自动驾驶
    ✅ 已投递 (12/24)
  加载更多：14 → 29 个
  待处理 1 个（第 5 页）
  [ 10分] 上海华驿汽车技术公司 | 自动驾驶项目管理经理 | -K → 自动驾驶
  本页全不匹配 (连续 1/3 页无匹配)
  加载更多：29 → 44 个

  ☕ 休息 10s ...


============================================================
📍 上海 | 🔍 实车测试 | 🎯 上限 15 份
============================================================
  待处理 5 个（第 1 页）
  [ 45分] 哈啰普惠 | 自动驾驶测试工程师/专家（实车测试） | -K·薪 → 目标岗位:自动驾驶测试、技能匹配:实车测试、自动驾驶
    ✅ 已投递 (1/15)
  [  5分] 纬致科技上海 | HIL平台测试 | -K → 技能匹配:通信
  [  5分] 安徽妙驰信息科技 | 汽车上下电测试工程师 | -K → 技能匹配:通信
  [ 55分] 采埃孚亚太集团有... | ADAS实车测试工程师 | -K·薪 → 目标岗位:实车测试、技能匹配:ADAS/实车测试/通信、ADAS
    ✅ 已投递 (4/17)
  [ 30分] 奇瑞汽车股份有限公司 | 自动/智能驾驶测试工程师 | -K·薪 → 目标岗位:智能驾驶
    ✅ 已投递 (5/17)
  加载更多：14 → 29 个
  待处理 5 个（第 3 页）
  [  0分] polelink | 车载网络测试（实车） | -K → 无匹配
  [  0分] 尊字智能科技有限公司 | 功能开发和测试工程师 | -K·薪 → 无匹配
  [  0分] 苏州推移机器人科技 | 机器人测试负责人 | -K·薪 → 无匹配
  [  0分] 北京经创聚源 | OTA专项测试 | -K → 无匹配
  [  0分] 比滋特 | 车载导航测试 | -K → 无匹配
  本页全不匹配 (连续 1/3 页无匹配)
  加载更多：29 → 44 个
  待处理 6 个（第 5 页）
  [  0分] 上海翼锐汽车科技 | BMS整车测试 | -K·薪 → 无匹配
  [ 40分] 李斯特技术中心(... | 自动驾驶测试 | -K → 目标岗位:自动驾驶测试、自动驾驶
    ✅ 已投递 (12/23)
  [  5分]  | 汽车集成测试 |  → 技能匹配:实车测试
  [  5分]  | 安装测试工程师 |  → 技能匹配:实车测试
  [  0分]  | 资深实车测试工程师 |  → 标题包含排除词: 资深
  [  5分]  | 服务器SIT测试 |  → 技能匹配:实车测试
  加载更多：14 → 29 个

  ☕ 休息 10s ...


============================================================
📍 上海 | 🔍 车载测试 | 🎯 上限 15 份
============================================================
  待处理 4 个（第 1 页）
  [ 45分] 版石软件(上海) | 车载测试-ADAS-会日语-需要到面 | -K → 目标岗位:车载测试、技能匹配:ADAS、ADAS
    ✅ 已投递 (1/15)
  [ 30分] 中软国际 | 车载测试接受项目助理岗 | -K → 目标岗位:车载测试
    ✅ 已投递 (2/15)
  [  0分] 南京光庭 | 车载导航测试工程师 | -K → 无匹配
  [  0分] 慧勒科技 | 整车网联测试工程师 | -K → 无匹配
  加载更多：14 → 29 个
  待处理 6 个（第 3 页）
  [ 30分] 爱荔枝 | 车载测试兼职 | -元/时 → 目标岗位:车载测试
    ✅ 已投递 (5/17)
  [  0分]  | 车载座舱域测试 |  → 无匹配
  [ 30分]  | 车载测试工程师（驻场宁波吉利） |  → 目标岗位:车载测试
    ✅ 已投递 (7/18)
  [ 30分]  | 车载测试工程师（车身） |  → 目标岗位:车载测试
    ✅ 已投递 (8/18)
  [  0分]  | 车载显示屏-DRE |  → 无匹配
  [  0分]  | 自动泊车测试工程师 |  → 无匹配
  待处理 1 个（第 4 页）
  [  0分] 慧博云通 | 车载座舱测试工程师 | -K → 无匹配
  本页全不匹配 (连续 1/3 页无匹配)
  加载更多：14 → 29 个
  待处理 1 个（第 6 页）
  [  0分] 钛和集团 | 汽车网络测试 | -K → 无匹配
  本页全不匹配 (连续 2/3 页无匹配)

  ☕ 休息 8s ...


============================================================
📍 广州 | 🔍 智驾测试 | 🎯 上限 15 份
============================================================
  待处理 3 个（第 1 页）
  [  0分] 丸美 | 评价测试工程师 | -K·薪 → 缺少必须关键词: ADAS...
  [  0分] 佑驾创新 | 测试技术员 | -K → 缺少必须关键词: ADAS...
  [  0分] 爱迅 | ERP测试工程师 | -K → 缺少必须关键词: ADAS...
  本页全不匹配 (连续 1/3 页无匹配)
  加载更多：14 → 29 个
  待处理 2 个（第 3 页）
  [  0分] 东信创智 | 车身域功能测试工程师 | -K → 缺少必须关键词: ADAS...
  [ 15分] 文远知行 | 自动驾驶OTA测试工程师（OTA QA）-广州 | -K → 技能匹配:Python、自动驾驶
  本页全不匹配 (连续 2/3 页无匹配)
  加载更多：29 → 44 个
  待处理 7 个（第 5 页）
  [  0分] 煜邦 | 大数据测试（南网-全额社保公积金） | -K → 缺少必须关键词: ADAS...
  [  0分] 北京华数众创科技 | 数据中心测试员 | -K → 缺少必须关键词: ADAS...
  [  0分] 兔展 | AI测试实习生 | -元/天 → 缺少必须关键词: ADAS...
  [  0分] 中智信通 | 功能测试工程师 | -K → 缺少必须关键词: ADAS...
  [  0分] 盛秦 | 广州测试工程师 | -K → 缺少必须关键词: ADAS...
  [  0分] 京北方 | 性能测试工程师 | -K → 缺少必须关键词: ADAS...
  [  0分] 天奕信息 | 软件测试员 | -K → 缺少必须关键词: ADAS...
  本页全不匹配 (连续 3/3 页无匹配)

  ☕ 休息 13s ...


============================================================
📍 广州 | 🔍 ADAS测试 | 🎯 上限 15 份
============================================================
  待处理 3 个（第 1 页）
  [ 65分] 信必优 | 自动驾驶测试工程师 | -K → 目标岗位:自动驾驶测试、技能匹配:Linux/Shell/Git、自动驾驶
    ✅ 已投递 (1/15)
  [ 35分]  | 测试工程师（黄埔） |  → 技能匹配:Linux/Shell/Git、Linux
    ✅ 已投递 (2/15)
  [ 65分] 汇英科技有限公司 | 汽车智能驾驶AP系统测试工程师（双休） | -K → 目标岗位:智能驾驶、技能匹配:Linux/Shell/Git、Linux
    ✅ 已投递 (3/15)
  待处理 1 个（第 2 页）
  [ 35分] 东信创智 | 车身域HIL测试 | -K → 技能匹配:Linux/Shell/Git、Linux
    ✅ 已投递 (4/15)
  加载更多：14 → 29 个
  待处理 7 个（第 4 页）
  [  0分] 观行汽车电子 | 资深硬件工程师（车载摄像头/ADAS方向） | -K·薪 → 标题包含排除词: 资深
  [ 35分] polelink | 车身域控测试工程师 | -K → 技能匹配:Linux/Shell/Git、Linux
    ✅ 已投递 (6/16)
  [ 35分]  | 基础技术测试岗 |  → 技能匹配:Linux/Shell/Git、Linux
    ✅ 已投递 (7/16)
  [ 35分]  | 测试岗 |  → 技能匹配:Linux/Shell/Git、Linux
    ✅ 已投递 (8/16)
  [ 35分]  | 测试工程师（驻场农行+现场面试） |  → 技能匹配:Linux/Shell/Git、Linux
    ✅ 已投递 (9/16)
  [ 65分]  | 测试工程师（26届校招） |  → 接受实习/应届、技能匹配:Linux/Shell/Git、Linux
    ✅ 已投递 (10/16)
  [  0分]  | 中高级测试工程师（手机银行+粤语流利） |  → 标题包含排除词: 高级
  加载更多：14 → 29 个
  加载更多：29 → 44 个

  ☕ 休息 10s ...


============================================================
📍 广州 | 🔍 自动驾驶测试 | 🎯 上限 15 份
============================================================
  待处理 10 个（第 1 页）
  [ 70分] 法本信息 | 自动驾驶安全员/路测-17薪+双休+六险一金 | -K → 目标岗位:安全员、技能匹配:Linux/Shell/Git、自动驾驶
    ✅ 已投递 (1/15)
  [ 45分] 宇莱智能 | 招广州海珠区无人驾驶测试安全员 五险一金 | -K → 目标岗位:安全员、技能匹配:接管、自动驾驶
    ✅ 已投递 (2/15)
  [ 70分]  | 道路自动行驶车辆测试员 工作轻松 五险一金 |  → 目标岗位:车辆测试、技能匹配:Linux/Shell/Git、Linux
    ✅ 已投递 (3/15)
  [ 50分]  | 诚招！无人汽车驾驶安全员 五险一金 待遇好 |  → 目标岗位:安全员、技能匹配:ADAS/路测、ADAS
    ✅ 已投递 (4/15)
  [ 50分] 信必优Symbio | 自动驾驶道路测试工程师-数据分析/L4/仿真 | -K → 目标岗位:道路测试、技能匹配:ADAS/路测、ADAS
    ✅ 已投递 (5/15)
  [ 20分] 亿达信息 | 地援测试驾驶员-上五休二 | -K → 技能匹配:ADAS/路测、ADAS
  [ 20分] 云南晨蟀科技 | 无人驾驶测试员 | -K → 技能匹配:ADAS/路测、ADAS
  [ 50分] 四川省才佑科技 | 自动驾驶测试员+薪资6k+季度绩效+五险一金 | -K → 目标岗位:自动驾驶测试、技能匹配:ADAS/路测、ADAS
    ✅ 已投递 (8/17)
  [ 50分] 联想懂的通信 | 自动驾驶安全员 | -K → 目标岗位:安全员、技能匹配:ADAS/路测、ADAS
    ✅ 已投递 (9/17)
  [ 50分] 北京能科瑞元有限公司 | 自动驾驶安全员（现场面试） | -K → 目标岗位:安全员、技能匹配:ADAS/路测、ADAS
    ✅ 已投递 (10/17)
  待处理 2 个（第 2 页）
  [ 50分] 惠宇科技 | 会开车的来！驾驶安全员测试 五险一金 | -K → 目标岗位:安全员、技能匹配:ADAS/路测、ADAS
    ✅ 已投递 (11/17)
  [ 50分]  | 自动驾驶测试员+双休+五险一金+17薪+黄埔 |  → 目标岗位:自动驾驶测试、技能匹配:ADAS/路测、ADAS
    ✅ 已投递 (12/17)
  待处理 4 个（第 3 页）
  [ 65分] 辉粤 | 招聘无人驾驶测试安全员五险一金包吃 | -K → 目标岗位:安全员、技能匹配:Linux/Shell/Git、Linux
    ✅ 已投递 (13/17)
  [ 50分]  | 6000+无人汽车驾驶安全员 五险一金工作轻松 |  → 目标岗位:安全员、技能匹配:ADAS/路测、ADAS
    ✅ 已投递 (14/17)
  [ 50分] 黑河市易威斯集中... | 自动驾驶测试 | -K → 目标岗位:自动驾驶测试、技能匹配:ADAS/路测、ADAS
    ✅ 已投递 (15/17)
  [ 35分] 京东世纪贸易有限公司 | 自动驾驶车辆运维工程师 | -K·薪 → 技能匹配:Linux/Shell/Git、自动驾驶
    ✅ 已投递 (16/17)
  加载更多：14 → 29 个
  待处理 11 个（第 5 页）
  [ 40分] 深圳市芯光丰科技 | 生物岛自动驾驶安全员 6-10K 前景好 新趋势 | -K → 目标岗位:安全员、自动驾驶
    ✅ 已投递 (17/17)

  ☕ 休息 8s ...


============================================================
📍 广州 | 🔍 实车测试 | 🎯 上限 15 份
============================================================
  待处理 1 个（第 1 页）
  [ 35分] 慧博云通 | 测试工程师（粤语 UAT 短期项目） | -K → 技能匹配:Linux/Shell/Git、Linux
    ✅ 已投递 (1/15)
  加载更多：14 → 29 个
  待处理 1 个（第 3 页）
  [ 35分] 拓保软件 | 嵌入式软件测试工程师 | -K → 技能匹配:Linux/Shell/Git、Linux
    ✅ 已投递 (2/15)
  加载更多：14 → 29 个
  加载更多：29 → 44 个
  待处理 2 个（第 6 页）
  [ 35分] 程星通信 | 天线测试工程师 | -K·薪 → 技能匹配:Linux/Shell/Git、Linux
    ✅ 已投递 (3/15)
  [ 30分]  | 通信测试工程师 |  → 技能匹配:CAN/LIN/通信、CAN
    ✅ 已投递 (4/15)

  ☕ 休息 13s ...


============================================================
📍 广州 | 🔍 车载测试 | 🎯 上限 15 份
============================================================
  待处理 2 个（第 1 页）
  [ 25分] 深圳海冰科技有限... | 车载座舱测试工程师（base惠州） | -K → 技能匹配:CAN/LIN/Python、CAN
  [ 25分] 南京普塔 | 车载安卓开发 | -K → 技能匹配:CAN/LIN/Python、CAN
  本页全不匹配 (连续 1/3 页无匹配)
  加载更多：14 → 29 个
  待处理 3 个（第 3 页）
  [ 25分] 蕾茗科技有限公司 | 安卓应用开发工程师/车载开发方向 | -K → 技能匹配:CAN/LIN/Python、CAN
  [ 25分] 凯泽利 | 车载DQE：设计质量工程师 | -K → 技能匹配:CAN/LIN/Python、CAN
  [ 25分] 文远知行 | 嵌入式工程师（车载方向） | -K·薪 → 技能匹配:CAN/LIN/Python、CAN
  本页全不匹配 (连续 2/3 页无匹配)
  加载更多：29 → 44 个
  待处理 10 个（第 5 页）
  [ 25分] 华苏科技 | 车载ui设计【朝九晚六＋双休＋五险一金】 | -K → 技能匹配:CAN/LIN/Python、CAN
  [ 25分] polelink | 汽车电子测试工程师 25届、26届 | -K → 技能匹配:CAN/LIN/Python、CAN
  [ 25分] 初念科技 | 车载OTA开发工程师 | -K → 技能匹配:CAN/LIN/Python、CAN
  [ 25分] 顺泰检测 | 车辆/车载零部件认证项目工程师 | -K·薪 → 技能匹配:CAN/LIN/Python、CAN
  [ 25分] 广州君华 | 车载工艺工程师 | -K → 技能匹配:CAN/LIN/Python、CAN
  [ 25分] 埃特斯 | 结构设计师（车载类产品） | -K → 技能匹配:CAN/LIN/Python、CAN
  [ 25分] 法雷奥 | 光学工程师-车载显示屏 | -K·薪 → 技能匹配:CAN/LIN/Python、CAN
  [ 25分] 遥和慕企业服务 | 嵌入式软件开发工程师【车载 MCU 开发方向 | -K → 技能匹配:CAN/LIN/Python、CAN
  [ 25分] 青岛育喆 | 车载设备运维员 | -K → 技能匹配:CAN/LIN/Python、CAN
  [ 25分] 爱达克 | OTA 开发/测试工程师(J11592) | -K·薪 → 技能匹配:CAN/LIN/Python、CAN
  本页全不匹配 (连续 3/3 页无匹配)

  ☕ 休息 9s ...


============================================================
📍 北京 | 🔍 智驾测试 | 🎯 上限 15 份
============================================================
  待处理 6 个（第 1 页）
  [ 30分] 长城汽车 | 辅助驾驶测试工程师 | -K·薪 → 目标岗位:辅助驾驶
    ✅ 已投递 (1/15)
  [  0分] 河南瑞临万道科技 | 测试分析工程师 | -K → 缺少必须关键词: ADAS...
  [  0分] 微创软件 | 电商测试工程师 | -K → 缺少必须关键词: ADAS...
  [  0分] 微创软件 | 前后端测试工程师 | -K → 缺少必须关键词: ADAS...
  [  0分] 诚迈科技 | 台架标定测试 | -K → 缺少必须关键词: ADAS...
  [  0分] 人瑞网络科技 | 测试（线上面试） | -K → 缺少必须关键词: ADAS...
  待处理 1 个（第 2 页）
  [  0分] 数诚启航 | 测试工程师岗位要求 | -K → 缺少必须关键词: ADAS...
  本页全不匹配 (连续 1/3 页无匹配)
  加载更多：14 → 29 个
  待处理 6 个（第 4 页）
  [  0分] 北京七凌科技有限公司 | 测试（北京） | -K → 缺少必须关键词: ADAS...
  [  0分] 拓保软件 | 测试-AI | -K → 缺少必须关键词: ADAS...
  [  0分] 中软国际 | Modem功耗测试工程师 | -K·薪 → 缺少必须关键词: ADAS...
  [  0分] 聚人动力 | 测试用例需求开发 | -K → 缺少必须关键词: ADAS...
  [  0分] 微创软件 | 测试（赴字节） | -K → 缺少必须关键词: ADAS...
  [  0分] 神州信息 | 银行柜面测试-光大 | -K → 缺少必须关键词: ADAS...
  本页全不匹配 (连续 2/3 页无匹配)
  加载更多：29 → 44 个
  待处理 4 个（第 6 页）
  [  0分] 北京人和创建 | 初中级测试 | -K → 缺少必须关键词: ADAS...
  [  0分] 星天科技 | 产品测试工程师 | -K → 缺少必须关键词: ADAS...
  [  0分] 深圳海冰科技有限... | 机器人测试 | -K → 缺少必须关键词: ADAS...
  [  0分] 维畅 | 测试信贷移动端 | -K → 缺少必须关键词: ADAS...
  本页全不匹配 (连续 3/3 页无匹配)

  ☕ 休息 12s ...


============================================================
📍 北京 | 🔍 ADAS测试 | 🎯 上限 15 份
============================================================
  待处理 6 个（第 1 页）
  [  0分] 中科创达 | ADAS测试工程师（初/中/高级） | -K → 标题包含排除词: 高级
  [ 35分] 符代企业管理咨询... | 测试工程师（整车测试） | -K → 技能匹配:ADAS/CANoe/CAN、ADAS
    ✅ 已投递 (2/16)
  [ 20分] 杭州双久科技有限公司 | ADAS数据分类 | -K → 技能匹配:ADAS/CAN、ADAS
  [ 20分] 安络杰 | ADAS（自适应远光灯）标定工程师 | -K → 技能匹配:ADAS/CAN、ADAS
  [ 20分] 天津英创汇智汽车... | ADAS算法工程师 | -K → 技能匹配:ADAS/CAN、ADAS
  [ 50分] 克莱蒙特 | ADAS测试工程师 | -K → 目标岗位:ADAS测试、技能匹配:ADAS/CAN、ADAS
    ✅ 已投递 (6/19)
  待处理 1 个（第 2 页）
  [ 35分] 江苏优闼数据科技... | 楼宇测试工程师 | -K → 技能匹配:ADAS/CANoe/CAN、ADAS
    ✅ 已投递 (7/19)
  加载更多：14 → 29 个
  待处理 7 个（第 4 页）
  [ 20分] 聚人动力 | hil测试工程师(驻场宝马）英语口语 | -K → 技能匹配:ADAS/CAN、ADAS
  [ 20分] 长亮科技 | 数字人民币测试岗 | -K → 技能匹配:ADAS/CAN、ADAS
  [ 50分] 智驾新程 | adas智能驾驶硬件工程师 | -K·薪 → 目标岗位:智能驾驶、技能匹配:ADAS/CAN、ADAS
    ✅ 已投递 (10/21)
  [ 65分]  | 车载测试工程师 |  → 目标岗位:车载测试、技能匹配:ADAS/CANoe/CAN、ADAS
    ✅ 已投递 (11/21)
  [ 20分]  | CAE软件测试工程师 |  → 技能匹配:ADAS/CAN、ADAS
  [ 50分]  | 车载测试工程师 |  → 目标岗位:车载测试、技能匹配:ADAS/CAN、ADAS
    ✅ 已投递 (13/22)
  [ 55分]  | 实车测试专家（Tech Lead） |  → 目标岗位:实车测试、技能匹配:ADAS/CAN/实车测试、ADAS
    ✅ 已投递 (14/22)
  加载更多：14 → 29 个
  加载更多：29 → 44 个

  ☕ 休息 10s ...


============================================================
📍 北京 | 🔍 自动驾驶测试 | 🎯 上限 15 份
============================================================
  待处理 4 个（第 1 页）
  [ 30分] 滴滴 | 27届秋储-商业分析-自动驾驶 (MJ017834 | -元/天 → 技能匹配:Linux/LIN/路测、自动驾驶
    ✅ 已投递 (1/15)
  [ 40分] 北京出行 | 自动驾驶安全员 | -K → 目标岗位:安全员、自动驾驶
    ✅ 已投递 (2/15)
  [ 30分] 法本 | 车载测试（问题分拣）双休-三班 有夜班补贴 | -K → 目标岗位:车载测试
    ✅ 已投递 (3/15)
  [ 10分] 极豆车联网 | 自动驾驶数据挖掘算法工程师-外包酷睿程 | -K → 自动驾驶
  加载更多：14 → 29 个
  待处理 10 个（第 3 页）
  [  0分] 博彦科技 | AI自动化测试 | -K → 缺少必须关键词: ADAS...
  [ 10分] 华为 | 自动驾驶系统工程师（数据闭环） | -K → 自动驾驶
  [ 40分] 白犀牛 | 自动驾驶算法实习生 | -元/天 → 接受实习/应届、自动驾驶
    ✅ 已投递 (7/18)
  [  0分]  | 销售主管（具身智能/自动驾驶方向） |  → 标题包含排除词: 销售
  [ 10分] QUORRA | 自动驾驶系统产品经理 | -K → 自动驾驶
  [ 40分]  | 自动驾驶系统测试实习生 |  → 接受实习/应届、自动驾驶
    ✅ 已投递 (10/20)
  [ 10分]  | 自动驾驶算法工程师 |  → 自动驾驶
  [ 40分]  | 自动驾驶系统实习生 |  → 接受实习/应届、自动驾驶
    ✅ 已投递 (12/21)
  [ 30分]  | 无人驾驶算法运维工程师 |  → 技能匹配:Linux/LIN/路测、自动驾驶
    ✅ 已投递 (13/21)
  [ 40分]  | 感知基座模型实习生-【自动驾驶】 |  → 接受实习/应届、自动驾驶
    ✅ 已投递 (14/21)
  第 4 页无新岗位 (连续 1/3)
  待处理 1 个（第 5 页）
  [ 30分] 福瑞股份 | 自动驾驶系统工程师 | -K·薪 → 技能匹配:Linux/LIN/路测、自动驾驶
    ✅ 已投递 (15/21)
  加载更多：14 → 29 个

  ☕ 休息 11s ...


============================================================
📍 北京 | 🔍 实车测试 | 🎯 上限 15 份
============================================================
  待处理 9 个（第 1 页）
  [ 35分] 四川人瑞 | 测试标定工程师（台架搭建 实车测试） | -K → 目标岗位:实车测试、技能匹配:实车测试
    ✅ 已投递 (1/15)
  [ 65分] 极豆车联网 | 实车测试工程师（泊车） | -K → 目标岗位:实车测试、技能匹配:Linux/LIN/路测、自动驾驶
    ✅ 已投递 (2/15)
  [ 65分]  | 实车测试工程师-实车测试&app测试 |  → 目标岗位:实车测试、技能匹配:Linux/LIN/路测、自动驾驶
    ✅ 已投递 (3/15)
  [  5分] 广志信息 | 实车网络诊断测试工程师 | -K → 技能匹配:实车测试
  [ 35分] 中科创达 | 实车测试工程师（泊车方向）(A221685) | -K → 目标岗位:实车测试、技能匹配:实车测试
    ✅ 已投递 (5/16)
  [ 30分] 理想汽车 | 【非正岗】地图导航软件测试 | -K → 技能匹配:Linux/LIN/路测、自动驾驶
    ✅ 已投递 (6/16)
  [ 30分] 上海瑞应 | 热管理空调测试标定工程师（台架 + 实车） | -K → 技能匹配:Linux/LIN/路测、自动驾驶
    ✅ 已投递 (7/16)
  [  5分] 北京支点互动科技 | AI测试工程师 | -K → 技能匹配:实车测试
  [  5分]  | 雷达测试工程师 |  → 技能匹配:实车测试
  加载更多：14 → 29 个
  待处理 3 个（第 3 页）
  [  5分] 灵心巧手 | API测试工程师 | -K·薪 → 技能匹配:实车测试
  [  5分] 四象科技 | 卫星测试工程师 | -K → 技能匹配:实车测试
  [  5分] 合正信达 | UDS诊断测试 | -K → 技能匹配:实车测试
  本页全不匹配 (连续 1/3 页无匹配)
  加载更多：29 → 44 个
  待处理 8 个（第 5 页）
  [  5分] 君强纵横 | 测试标定工程师 | -K → 技能匹配:实车测试
  [  5分] 北京湛腾科技 | 安全测试 | -K → 技能匹配:实车测试
  [  5分] 星移联信 | 路由测试工程师 | -K → 技能匹配:实车测试
  [  5分] 东升宇航 | 卫星综合测试 | -K → 技能匹配:实车测试
  [  5分] 北京十风科技有限公司 | 实验室测试工程师 | -K·薪 → 技能匹配:实车测试
  [  5分] 京北方 | 保险测试工程师 | -K → 技能匹配:实车测试
  [  5分] 软通动力 | Modem测试 | -K → 技能匹配:实车测试
  [  5分] 捷科智诚 | 银行核心测试 | -K → 技能匹配:实车测试
  本页全不匹配 (连续 2/3 页无匹配)
  加载更多：44 → 59 个

  ☕ 休息 12s ...


============================================================
📍 北京 | 🔍 车载测试 | 🎯 上限 15 份
============================================================
  待处理 10 个（第 1 页）
  [  0分] 纬致科技北京 | 测试工程师-车载诊断与OTA方向 | -K → 无匹配
  [ 30分] 河南天炯信息科技 | 车载功能测试（五险一金/可接受应届生） | -K·薪 → 接受实习/应届
    ✅ 已投递 (2/16)
  [ 30分] 人瑞网络科技 | 车载测试-车机安卓方向-长城外包-统招学历 | -K → 目标岗位:车载测试
    ✅ 已投递 (3/16)
  [ 55分] 微创软件 | 车载测试（语音助手）工程师 | -K → 目标岗位:车载测试、技能匹配:CANoe/CAN/Python、CAN
    ✅ 已投递 (4/16)
  [ 25分] 联想利泰 | 车载导航测试工程师（小鹏汽车） | -K → 技能匹配:CANoe/CAN/Python、CAN
  [ 55分] 软通动力 | 车载测试分析工程师 | -K → 目标岗位:车载测试、技能匹配:CANoe/CAN/Python、CAN
    ✅ 已投递 (6/17)
  [  0分] 柯莱特集团 | 车载ECU HIL测试 | -K → 无匹配
  [ 30分] 杭州真至数智科技公司 | 车载测试（北京短期） | -K → 目标岗位:车载测试
    ✅ 已投递 (8/18)
  [ 25分] 拓维云创 | 车载语音测试工程师 | -K → 技能匹配:CANoe/CAN/Python、CAN
  [ 25分]  | 地图导航测试-小鹏 线上面试 |  → 技能匹配:CANoe/CAN/Python、CAN
  加载更多：14 → 29 个
  待处理 9 个（第 3 页）
  [ 55分] 中软国际 | 车载测试工程师【面试快+全额公积金+双休】 | -K·薪 → 目标岗位:车载测试、技能匹配:CANoe/CAN/Python、CAN
    ✅ 已投递 (11/20)
  [  0分]  | 车载大客户负责人 |  → 无匹配
  [ 30分]  | 车载小爱产品实习 |  → 接受实习/应届
    ✅ 已投递 (13/21)
  [  0分]  | OTA测试工程师 |  → 缺少必须关键词: ADAS...
  [ 60分]  | 随时到岗I车载测试实习生I不卡学校I亦庄 |  → 目标岗位:车载测试、接受实习/应届
    ✅ 已投递 (15/22)
  [ 55分]  | 车载电源软件实习生(A46780) |  → 接受实习/应届、技能匹配:CANoe/CAN/Python、CAN
    ✅ 已投递 (16/22)
  [  0分]  | 软件测试-大厂外包-免费三餐 |  → 缺少必须关键词: ADAS...
  [  0分]  | 车载嵌入式开发 |  → 无匹配
  [ 30分]  | 车载系统测试实习生 |  → 接受实习/应届
    ✅ 已投递 (19/24)
  加载更多：14 → 29 个
  待处理 1 个（第 5 页）
  [  0分] 上海翼锐汽车科技 | 网络测试工程师 | -K → 缺少必须关键词: ADAS...
  本页全不匹配 (连续 1/3 页无匹配)
  加载更多：29 → 44 个

  ☕ 休息 12s ...


============================================================
📍 武汉 | 🔍 智驾测试 | 🎯 上限 15 份
============================================================
  待处理 12 个（第 1 页）
  [ 15分] 拓保软件 | 测试（双休/全额公积金） | -K → 技能匹配:Python、智驾
  [ 15分] 华苏科技 | 上车体测试 | -K → 技能匹配:Python、智驾
  [ 15分] 武汉成明信息科技 | 测试开发 | -K → 技能匹配:Python、智驾
  [ 15分] 新致软件 | 测试工程师（武汉） | -K → 技能匹配:Python、智驾
  [ 15分] 东信创智 | 汽车网络测试 | -K → 技能匹配:Python、智驾
  [ 15分] 易博互通企服科技 | 测试工程师-信贷经验优先 | -K → 技能匹配:Python、智驾
  [ 15分] 东信创智 | 汽车动力域测试 | -K → 技能匹配:Python、智驾
  [ 15分] 博彦科技 | 测试工程师-字节 | -K → 技能匹配:Python、智驾
  [ 15分] 中电金信 | 功能测试 | -K → 技能匹配:Python、智驾
  [ 15分] 青岛恒天翼 | 测试工程师（军工） | -K → 技能匹配:Python、智驾
  [ 15分] 新华三技术有限公司 | 测试 | -K → 技能匹配:Python、智驾
  [ 15分] 克莱蒙特 | 测试工程师座舱测试 | -K → 技能匹配:Python、智驾
  本页全不匹配 (连续 1/3 页无匹配)
  加载更多：14 → 29 个
  待处理 8 个（第 3 页）
  [ 15分] 梅洛乔伊 | 测试工程师（双休） | -K → 技能匹配:Python、智驾
  [ 15分] 经纬恒润 | 测试策划工程师 | -K·薪 → 技能匹配:Python、智驾
  [ 15分] 深圳海冰科技有限... | 车载智能座舱测试 工程师 | -K → 技能匹配:Python、智驾
  [ 15分] 精英世家 | 平台测试工程师 | -K → 技能匹配:Python、智驾
  [ 15分] 武汉楚能新能源 | 理化测试 工程师 | -K → 技能匹配:Python、智驾
  [ 15分] 驿天诺科技 | 芯片测试工程师 | -K·薪 → 技能匹配:Python、智驾
  [ 45分] 拓维云创 | 车载测试 | -K → 目标岗位:车载测试、技能匹配:Python、智驾
    ✅ 已投递 (19/33)
  [ 15分]  | 智能座舱测试工程师 |  → 技能匹配:Python、智驾
  加载更多：14 → 29 个
  加载更多：29 → 44 个
  待处理 12 个（第 6 页）
  [ 15分] 黑芝麻智能 | 集成测试工程师（智驾） | -K·薪 → 技能匹配:Python、智驾
  [ 15分] 易博互通企服科技 | 字节-金融测试工程师 | -K → 技能匹配:Python、智驾
  [ 15分] 博彦科技 | 测试(双休) | -K → 技能匹配:Python、智驾
  [ 15分] 博彦科技 | 测试-支付 服务端 | -K → 技能匹配:Python、智驾
  [ 15分] 华苏科技 | 车载网络测试工程师 | -K → 技能匹配:Python、智驾
  [ 15分] 无锡凡特 | 手机平板系统测试工程师 | -K → 技能匹配:Python、智驾
  [ 15分] 武汉江夏楚能汽车... | 整车基础技术测试 | -K → 技能匹配:Python、智驾
  [ 15分] 腾讯云雀 | 测试工程师(J12441) | -K → 技能匹配:Python、智驾
  [ 15分] 东信创智 | 整车网络测试 | -K → 技能匹配:Python、智驾
  [ 15分] 中科软 | 功能测试工程师 | -K → 技能匹配:Python、智驾
  [ 15分] 东信创智 | 整车功能集成测试项目经理 | -K → 技能匹配:Python、智驾
  [ 15分] 楚能新能源 | 电芯测试技术员（孝感） | -K → 技能匹配:Python、智驾
  本页全不匹配 (连续 1/3 页无匹配)

  ☕ 休息 10s ...


============================================================
📍 武汉 | 🔍 ADAS测试 | 🎯 上限 15 份
============================================================
  待处理 2 个（第 1 页）
  [ 25分] 中电金信 | 车载仪表测试工程师 | -K → 技能匹配:ADAS/传感器/路测、ADAS
  [ 55分] 云兆智联 | 智能驾驶仿真测试 | -K → 目标岗位:智能驾驶、技能匹配:ADAS/传感器/路测、ADAS
    ✅ 已投递 (2/16)
  加载更多：14 → 29 个
  待处理 3 个（第 3 页）
  [ 25分] 东信创智 | 整车测试工程师 | -K → 技能匹配:ADAS/传感器/路测、ADAS
  [ 25分] 常州星宇 | 驻场测试工程师（武汉） | -K → 技能匹配:ADAS/传感器/路测、ADAS
  [ 25分] INTEST | 测试工程师（驻场） | -K → 技能匹配:ADAS/传感器/路测、ADAS
  本页全不匹配 (连续 1/3 页无匹配)
  加载更多：29 → 44 个
  待处理 8 个（第 5 页）
  [ 25分] altenchina | 整车性能测试工程师 | -K·薪 → 技能匹配:ADAS/传感器/路测、ADAS
  [ 25分] 华勤技术股份有限公司 | 诊断测试工程师 | -K → 技能匹配:ADAS/传感器/路测、ADAS
  [ 25分] 京北方 | 测试工程师-洪山区 | -K → 技能匹配:ADAS/传感器/路测、ADAS
  [ 25分] 武汉博易讯 | 中级测试工程师 | -K·薪 → 技能匹配:ADAS/传感器/路测、ADAS
  [ 25分] 中元华电 | 中级测试工程师（T） | -K·薪 → 技能匹配:ADAS/传感器/路测、ADAS
  [ 25分] 莱本科技 | 充电测试工程师 | -K → 技能匹配:ADAS/传感器/路测、ADAS
  [ 25分] 武汉佰钧成技术 | 大数据测试 | -K → 技能匹配:ADAS/传感器/路测、ADAS
  [ 25分] 恒隆集团 | 网络安全测试工程师 | -K → 技能匹配:ADAS/传感器/路测、ADAS
  本页全不匹配 (连续 2/3 页无匹配)
  加载更多：44 → 59 个

  ☕ 休息 11s ...


============================================================
📍 武汉 | 🔍 自动驾驶测试 | 🎯 上限 15 份
============================================================
  待处理 8 个（第 1 页）
  [ 10分] 武汉紫道弘益 | 自动驾驶定位算法工程师 | -K → 自动驾驶
  [  0分] 上海悦行合肥分公司 | 武汉招自动挡接送乘客驾驶员 | -K → 无匹配
  [ 10分] 谱蓝科技 | 自动驾驶高精地图标注 | -K → 自动驾驶
  [ 10分] 岚图汽车 | 自动驾驶性能标定工程师 (MJ000542) | -K → 自动驾驶
  [ 30分] 法本 | 急急急急急智能驾驶功能安全与信息安全测试 | -K → 目标岗位:智能驾驶
    ✅ 已投递 (5/19)
  [  0分]  | 匹配测试工程师 |  → 无匹配
  [ 10分]  | 自动驾驶-深度学习/大模型 算法工程师 |  → 自动驾驶
  [ 40分]  | 自动驾驶安全员-武汉 |  → 目标岗位:安全员、自动驾驶
    ✅ 已投递 (8/21)
  待处理 1 个（第 2 页）
  [ 10分] 上海中慧智安汽车科技 | 智驾台架自动化测试工程师 | -K → 智驾
  本页全不匹配 (连续 1/3 页无匹配)
  加载更多：14 → 29 个
  待处理 7 个（第 4 页）
  [ 10分] 成都小咖邦智能科技 | 数据标注组长(自动驾驶2D3D4D方向) | -K → 自动驾驶
  [ 40分] 威盛 | 自动驾驶算法研究实习生 | -元/天 → 接受实习/应届、自动驾驶
    ✅ 已投递 (11/23)
  [ 40分]  | 自动驾驶安全员 |  → 目标岗位:安全员、自动驾驶
    ✅ 已投递 (12/23)
  [  0分]  | 智能设备测试专员 |  → 无匹配
  [ 30分]  | 智能驾驶测试售后支持工程师 |  → 目标岗位:智能驾驶
    ✅ 已投递 (14/24)
  [ 10分]  | 自动驾驶规控算法工程师 |  → 自动驾驶
  [ 30分]  | 无人驾驶安全员 |  → 目标岗位:安全员
    ✅ 已投递 (16/25)
  加载更多：14 → 29 个
  待处理 1 个（第 6 页）
  [ 30分] 东风汽车 | 智能驾驶与座舱-东风汽车研发总院 | -K → 目标岗位:智能驾驶
    ✅ 已投递 (17/25)

  ☕ 休息 8s ...


============================================================
📍 武汉 | 🔍 实车测试 | 🎯 上限 15 份
============================================================
  待处理 4 个（第 1 页）
  [ 50分] 璀璨智行 | 实车测试中级工程师 | -K → 目标岗位:实车测试、技能匹配:CAN/实车测试、CAN
    ✅ 已投递 (1/15)
  [  0分] 克莱蒙特 | 实车网络测试+武汉 | -K → 无匹配
  [ 35分] 润芯微 | 实车测试工程师（渗透测试、整车合规测试） | -K → 目标岗位:实车测试、技能匹配:实车测试
    ✅ 已投递 (3/16)
  [  0分] 湖北华旺达 | 测试工程师（座舱 现场面试 学信网本科） | -K → 无匹配
  加载更多：14 → 29 个
  待处理 7 个（第 3 页）
  [  0分] 深圳市新凯来技术 | 动力学测试 | -K → 无匹配
  [  0分] 光谷实验室 | 惯性器件测试工程师 | -K → 无匹配
  [  0分] 中电金信 | 仪表测试工程师 | -K → 无匹配
  [  0分] 湖北汉瑞景 | 标定测试工程师 | -K·薪 → 无匹配
  [  0分] 华工正源光子 | 测试工程师（单体） | -K·薪 → 无匹配
  [  0分] 武汉江夏楚能汽车... | ota测试工程师 | -K → 无匹配
  [  0分] 武汉佰钧成技术 | H85377岗车身域控制测试工程师-双休-大厂 | -K → 无匹配
  本页全不匹配 (连续 1/3 页无匹配)
  加载更多：29 → 44 个
  待处理 8 个（第 5 页）
  [  0分] 中软国际 | 车载对讲机测试 | -K·薪 → 无匹配
  [  0分] 北京触点互动信息 | 无线测试工程师 | -K → 无匹配
  [  0分] 腾讯 | ai 智能体测试 | -K·薪 → 无匹配
  [  0分] 凌久微 | 自动化测试架构师 | -K·薪 → 标题包含排除词: 架构师
  [  0分] 精测电子 | 光学测试工程师 | -K·薪 → 无匹配
  [ 35分] 北京简精科技有限公司 | 实车测试工程师 | -K → 目标岗位:实车测试、技能匹配:实车测试
    ✅ 已投递 (17/29)
  [  0分]  | 核物理测试工程师 |  → 无匹配
  [  0分]  | 功能测试（中控仪表） |  → 无匹配
  加载更多：14 → 29 个

  ☕ 休息 12s ...


============================================================
📍 武汉 | 🔍 车载测试 | 🎯 上限 15 份
============================================================
  待处理 9 个（第 1 页）
  [ 30分] 深圳漫奢生物科技 | 车载测试（中控、仪表、tbox都要人） | -K → 目标岗位:车载测试
    ✅ 已投递 (1/15)
  [ 30分] CLPS华钦软件 | 车载测试工程师-国内项目-长期项目 | -K → 目标岗位:车载测试
    ✅ 已投递 (2/15)
  [  0分] 华苏科技 | BT网络测试（车载） | -K → 无匹配
  [ 30分] 深圳维勤技术咨询 | 车载测试工程师（中控/仪表/T-box） | -K → 目标岗位:车载测试
    ✅ 已投递 (4/16)
  [  0分] 深圳数金通云计算技术 | 车载中控/仪表测试（双休+社保） | -K → 无匹配
  [ 30分] 中软国际 | 车载测试（座舱方向）+武汉 | -K·薪 → 目标岗位:车载测试
    ✅ 已投递 (6/17)
  [  0分] 中电金信 | 车机测试 | -K → 缺少必须关键词: ADAS...
  [  0分]  | 车载系统测试工程师 早九晚六五险一金 |  → 无匹配
  [  0分]  | H83864岗智能座舱系统测试 |  → 缺少必须关键词: ADAS...
  加载更多：14 → 29 个
  待处理 6 个（第 3 页）
  [  0分] 天津智创新业科技 | 车载功能测试（车身/动力/底盘/HIL） | -K → 无匹配
  [  0分] 大连亨睿达信息技... | 车机测试工程师 | -K → 缺少必须关键词: ADAS...
  [  0分] 北京时代云海科技 | 车载软件测试工程师(武汉) | -K → 无匹配
  [ 30分] INTEST | 车载测试工程师（驻场） | -K → 目标岗位:车载测试
    ✅ 已投递 (13/23)
  [  0分]  | 车载安卓开发（上海外包车企） |  → 无匹配
  [ 30分]  | 车载测试助教|上市大厂稳岗双休不加班 |  → 目标岗位:车载测试
    ✅ 已投递 (15/24)
  待处理 1 个（第 4 页）
  [  0分] 深圳数金通云计算技术 | 车载中控/仪表测试（ 双休+社保） | -K → 无匹配
  本页全不匹配 (连续 1/3 页无匹配)
  加载更多：14 → 29 个
  加载更多：29 → 44 个

  ☕ 休息 10s ...


============================================================
📍 重庆 | 🔍 智驾测试 | 🎯 上限 15 份
============================================================
  待处理 3 个（第 1 页）
  [ 70分] 中软国际 | 车载测试（加班费） | -K → 目标岗位:车载测试、技能匹配:CANoe/CAN/传感器、智驾
    ✅ 已投递 (1/15)
  [ 40分] 爱回收 | 本地六险一金/店铺测试师/就近分配/社保 | -K → 技能匹配:CANoe/CAN/传感器、智驾
    ✅ 已投递 (2/15)
  [ 40分] 重庆渝逗人工智能科技 | AI软件测试工程师 | -K → 技能匹配:CANoe/CAN/传感器、智驾
    ✅ 已投递 (3/15)
  待处理 1 个（第 2 页）
  [ 40分] 康硕电气 | 三坐标测试员 | -K → 技能匹配:CANoe/CAN/传感器、智驾
    ✅ 已投递 (4/15)
  待处理 1 个（第 3 页）
  [ 40分] 传音控股 | 温升测试员 | -K → 技能匹配:CANoe/CAN/传感器、智驾
    ✅ 已投递 (5/15)
  加载更多：14 → 29 个
  待处理 2 个（第 5 页）
  [ 40分] 上海思芮 | 车载系统测试工程师（动力、底盘） | -K → 技能匹配:CANoe/CAN/传感器、智驾
    ✅ 已投递 (6/15)
  [ 40分]  | 系统测试工程师（汽车项目） |  → 技能匹配:CANoe/CAN/传感器、智驾
    ✅ 已投递 (7/15)
  加载更多：14 → 29 个

  ☕ 休息 13s ...


============================================================
📍 重庆 | 🔍 ADAS测试 | 🎯 上限 15 份
============================================================
  待处理 4 个（第 1 页）
  [ 45分] 上海思芮 | 车载测试工程师(集团/长期/双休/批量/紧急) | -K → 目标岗位:车载测试、技能匹配:ADAS、ADAS
    ✅ 已投递 (1/15)
  [ 40分] 奇安信集团 | 渗透测试工程师（驻场）-重庆 | -K → 技能匹配:CANoe/CAN/传感器、智驾
    ✅ 已投递 (2/15)
  [ 20分] 东信创智 | 整车网络通信测试工程师-赛力斯 | -K → 技能匹配:ADAS/通信、ADAS
  [ 15分]  | 座舱测试工程师 |  → 技能匹配:ADAS、ADAS
  待处理 1 个（第 2 页）
  [ 15分] 浙江徽创信息技术有限 | 测试工程师 | -K → 技能匹配:ADAS、ADAS
  本页全不匹配 (连续 1/3 页无匹配)
  加载更多：14 → 29 个
  待处理 6 个（第 4 页）
  [ 15分] 上海榧香科技软件 | 车身域测试工程师 | -K → 技能匹配:ADAS、ADAS
  [ 15分] 杭数人才 | 渗透测试工程师（驻场重庆） | -K → 技能匹配:ADAS、ADAS
  [ 25分] 重庆玖章车联汽车科技 | 传统网络测试工程师 （CAN/LIN/CANFD） | -K → 技能匹配:ADAS/CAN/LIN、ADAS
  [ 15分] 梧桐科技 | 软件测试 | -K·薪 → 技能匹配:ADAS、ADAS
  [ 15分] 英恒科技 | 软件测试工程师（重庆） | -K·薪 → 技能匹配:ADAS、ADAS
  [ 15分] 重庆市弘鼎圣科技 | 整车测试硬件方案工程师 | -K·薪 → 技能匹配:ADAS、ADAS
  本页全不匹配 (连续 2/3 页无匹配)
  加载更多：29 → 44 个
  待处理 5 个（第 6 页）
  [ 15分] 鑫源集团 | 软件测试主管工程师 | -K·薪 → 技能匹配:ADAS、ADAS
  [ 15分] 晶朝数字 | 功能测试-银行 | -K → 技能匹配:ADAS、ADAS
  [ 15分] 移远quectel | 测试开发工程师 (MJ007314) | -K → 技能匹配:ADAS、ADAS
  [ 15分] 京北方 | 银行软件性能测试工程师+双休待遇优 | -K → 技能匹配:ADAS、ADAS
  [ 15分] 波士科技 | 软件测试组长 | -K·薪 → 技能匹配:ADAS、ADAS
  本页全不匹配 (连续 3/3 页无匹配)

  ☕ 休息 8s ...


============================================================
📍 重庆 | 🔍 自动驾驶测试 | 🎯 上限 15 份
============================================================
  加载更多：14 → 29 个
  待处理 6 个（第 2 页）
  [ 10分] 北京千曙科技有限公司 | 自动驾驶商务经理 | -K·薪 → 自动驾驶
  [ 10分] 重庆赫菲斯科技 | 自动驾驶数据标注 | -元/月 → 自动驾驶
  [ 10分] 希望运输 | 仓库直聘驾驶员（含配送） | -K → 自动驾驶
  [  0分] 莱茵工业服务 | 人工智能、芯片、自动驾驶认证销售主任 | -K → 标题包含排除词: 销售
  [ 10分] 润和软件 | 重庆自动化/回归测试 | -K → 自动驾驶
  [ 40分] 鑫源汽车有限公司 | 辅助驾驶工程师 | -K·薪 → 目标岗位:辅助驾驶、自动驾驶
    ✅ 已投递 (6/20)
  加载更多：14 → 29 个
  加载更多：29 → 44 个
  待处理 7 个（第 5 页）
  [ 40分] 赛力斯汽车 | 智能驾驶产品工程师（泊车/行车） | -K → 目标岗位:智能驾驶、自动驾驶
    ✅ 已投递 (7/20)
  [ 40分]  | 自动化实施 |  → 技能匹配:CANoe/CAN/传感器、智驾
    ✅ 已投递 (8/20)
  [ 40分]  | 自动驾驶规控算法工程师 |  → 技能匹配:CANoe/CAN/传感器、智驾
    ✅ 已投递 (9/20)
  [ 40分]  | 实施测试工程师 |  → 技能匹配:CANoe/CAN/传感器、智驾
    ✅ 已投递 (10/20)
  [ 40分]  | 自动驾驶测评体系研究工程师 |  → 技能匹配:CANoe/CAN/传感器、智驾
    ✅ 已投递 (11/20)
  [ 40分]  | 自动驾驶端到端模型算法研究员 (MJ001250) |  → 技能匹配:CANoe/CAN/传感器、智驾
    ✅ 已投递 (12/20)
  [ 40分]  | OTA测试工程师（base宁波，吉利） |  → 技能匹配:CANoe/CAN/传感器、智驾
    ✅ 已投递 (13/20)
  加载更多：14 → 29 个

  ☕ 休息 11s ...


============================================================
📍 重庆 | 🔍 实车测试 | 🎯 上限 15 份
============================================================
  加载更多：14 → 29 个
  待处理 1 个（第 2 页）
  [  0分] 中科创达 | OTA版本测试 | -K → 缺少必须关键词: ADAS...
  本页全不匹配 (连续 1/3 页无匹配)
  加载更多：29 → 44 个
  待处理 5 个（第 4 页）
  [  0分] 爱思盟 | 标定测试工程师 | -K → 缺少必须关键词: ADAS...
  [  0分] 重庆安极蔚尔科技 | 整机硬件测试 | -K → 缺少必须关键词: ADAS...
  [  0分] 飞创腾达 | 测试仪器销售工程师（重庆） | -K → 缺少必须关键词: ADAS...
  [  0分] 软安科技 | 汽车、IT制造行业质量与安全测试工具销售 | -K → 缺少必须关键词: ADAS...
  [  0分] 天地栅格 | 射频测试工程师 | -K → 缺少必须关键词: ADAS...
  本页全不匹配 (连续 2/3 页无匹配)
  加载更多：44 → 59 个
  待处理 6 个（第 6 页）
  [  0分] 宜兴比孚 | 游戏测试主管 | -K → 缺少必须关键词: ADAS...
  [  0分] 江苏启檬科技有限公司 | Camera专项测试(常驻泸州） | -K → 缺少必须关键词: ADAS...
  [  0分] 菜鸽途讯 | TSP App 测试工程师 | -K → 缺少必须关键词: ADAS...
  [  0分] 北京软通动力云计... | 1-测试工程师2-重庆 | -K → 缺少必须关键词: ADAS...
  [  0分] 东风小康 | 电池测试工程师 | -K·薪 → 缺少必须关键词: ADAS...
  [  0分] 赛力斯 | 台架测试工程师 | -K → 缺少必须关键词: ADAS...
  本页全不匹配 (连续 3/3 页无匹配)

  ☕ 休息 10s ...


============================================================
📍 重庆 | 🔍 车载测试 | 🎯 上限 15 份
============================================================
  待处理 2 个（第 1 页）
  [ 40分] 重庆蓝思晨科技 | 车载ai数据标注 | -K → 技能匹配:CANoe/CAN/传感器、智驾
    ✅ 已投递 (1/15)
  [ 40分]  | 车载 Android 开发工程师（网联） |  → 技能匹配:CANoe/CAN/传感器、智驾
    ✅ 已投递 (2/15)
  待处理 2 个（第 2 页）
  [ 40分] 华苏科技 | 车载系统测试工程师 | -K → 技能匹配:CANoe/CAN/传感器、智驾
    ✅ 已投递 (3/15)
  [ 25分] 法本 | 车载 OTA 中间件开发工程师 | -K → 技能匹配:ADAS/CANoe/CAN、ADAS
  加载更多：14 → 29 个
  待处理 2 个（第 4 页）
  [ 25分] 深圳海冰科技有限... | 车载Android开发工程师 | -K → 技能匹配:ADAS/CANoe/CAN、ADAS
  [ 25分] 翌擎科技 | 智能座舱测试工程师 | -K → 技能匹配:ADAS/CANoe/CAN、ADAS
  本页全不匹配 (连续 1/3 页无匹配)
  加载更多：29 → 44 个
  待处理 8 个（第 6 页）
  [ 25分] 上海礼聪 | C++开发【车载中间件】 | -K → 技能匹配:ADAS/CANoe/CAN、ADAS
  [ 25分] 重庆阿维塔科技 | 车载音响系统工程师 | -K·薪 → 技能匹配:ADAS/CANoe/CAN、ADAS
  [ 25分] 阿维塔科技 | 车载诊断主任工程师(A44575) | -K·薪 → 技能匹配:ADAS/CANoe/CAN、ADAS
  [ 25分] 四川伊惟特麓吟企... | AI平台软件测试工程师 | -K → 技能匹配:ADAS/CANoe/CAN、ADAS
  [ 25分] 芯知科技 | Android车载语音开发工程师 | -K → 技能匹配:ADAS/CANoe/CAN、ADAS
  [ 25分] 长安软件公司 | 车载娱乐产品经理 | -K → 技能匹配:ADAS/CANoe/CAN、ADAS
  [ 25分] 蕾茗科技有限公司 | 车载软件测试工程师 周末双休30-45K | -K → 技能匹配:ADAS/CANoe/CAN、ADAS
  [ 30分] 重庆君歌电子科技 | 光学工程师（车载摄像头） | -K·薪 → 技能匹配:ADAS/CANoe/CAN、ADAS
    ✅ 已投递 (14/25)

  ☕ 休息 10s ...


============================================================
📍 杭州 | 🔍 智驾测试 | 🎯 上限 15 份
============================================================
  待处理 1 个（第 1 页）
  [  0分] 信雅达科技股份 | 期货-杭州-测试 | -K → 缺少必须关键词: ADAS...
  本页全不匹配 (连续 1/3 页无匹配)
  加载更多：14 → 29 个
  待处理 3 个（第 3 页）
  [  0分] 诚迈科技 | 测试-吉利 | -K → 缺少必须关键词: ADAS...
  [  0分] 浙江优创 | 测试-派遣银行 | -K → 缺少必须关键词: ADAS...
  [  0分] 西图盟 | ota测试工程师 | -K → 缺少必须关键词: ADAS...
  本页全不匹配 (连续 2/3 页无匹配)
  加载更多：29 → 44 个
  待处理 1 个（第 5 页）
  [  0分] 北京软通动力云计... | 软件测试 | -K → 缺少必须关键词: ADAS...
  本页全不匹配 (连续 3/3 页无匹配)

  ☕ 休息 12s ...


============================================================
📍 杭州 | 🔍 ADAS测试 | 🎯 上限 15 份
============================================================
  待处理 5 个（第 1 页）
  [ 45分] 虹软科技 | ADAS解决方案工程师（校招） | -K → 接受实习/应届、技能匹配:ADAS、ADAS
    ✅ 已投递 (1/15)
  [ 45分] 零跑科技 | 智能驾驶泊车测试工程师 | -K·薪 → 目标岗位:智能驾驶、技能匹配:ADAS、ADAS
    ✅ 已投递 (2/15)
  [ 15分] 华为 | 自动驾驶平台测试工程师 | -K·薪 → 技能匹配:ADAS、ADAS
  [ 15分] 吉利研究院 | ADAS仿真工程师 | -K → 技能匹配:ADAS、ADAS
  [ 15分]  | ADAS QNX 软件开发工程师 |  → 技能匹配:ADAS、ADAS
  待处理 1 个（第 2 页）
  [ 15分] 科络达云软件技术... | 整车集成测试工程师 | -K → 技能匹配:ADAS、ADAS
  本页全不匹配 (连续 1/3 页无匹配)
  加载更多：14 → 29 个
  待处理 5 个（第 4 页）
  [ 15分] 众泰汽车 | 整车性能测试工程师 | -K → 技能匹配:ADAS、ADAS
  [ 15分] 吉利控股集团 | 智能量产测试工程师 （主动安全方向-海外） | -K → 技能匹配:ADAS、ADAS
  [ 15分] 福瑞泰克 | ADAS技术项目岗(TPM) | -K·薪 → 技能匹配:ADAS、ADAS
  [ 15分] 浙江玄风科技有限公司 | 算法测试（移动储能车） | -K → 技能匹配:ADAS、ADAS
  [ 15分] 麦田能源股份有限公司 | PACK测试工程师 | -K → 技能匹配:ADAS、ADAS
  本页全不匹配 (连续 2/3 页无匹配)
  加载更多：29 → 44 个
  待处理 4 个（第 6 页）
  [ 15分] 紫光云数 | 热测试工程师 | -K → 技能匹配:ADAS、ADAS
  [ 15分] 长川科技 | 工艺测试工程师 | -K·薪 → 技能匹配:ADAS、ADAS
  [ 15分] 煜象软件 | 杭州测试-金融 | -K → 技能匹配:ADAS、ADAS
  [ 15分] 浙江优创 | 银行功能测试工程师 | -K → 技能匹配:ADAS、ADAS
  本页全不匹配 (连续 3/3 页无匹配)

  ☕ 休息 10s ...


============================================================
📍 杭州 | 🔍 自动驾驶测试 | 🎯 上限 15 份
============================================================
  待处理 5 个（第 1 页）
  [ 25分] 北京软通动力云计... | 自动化测试 | -K → 技能匹配:传感器/毫米波雷达/激光雷达、自动驾驶
  [ 25分] 深向科技 | 自动驾驶仿真测试工程师 | -K·薪 → 技能匹配:传感器/毫米波雷达/激光雷达、自动驾驶
  [ 25分] 飞步科技 | 自动驾驶产品经理 | -K → 技能匹配:传感器/毫米波雷达/激光雷达、自动驾驶
  [ 25分] 浙江灵犀感知科技 | 硬件测试(雷达) | -K → 技能匹配:传感器/毫米波雷达/激光雷达、自动驾驶
  [ 25分] 江苏探维者科技 | 自动驾驶系统工程师 | -K·薪 → 技能匹配:传感器/毫米波雷达/激光雷达、自动驾驶
  本页全不匹配 (连续 1/3 页无匹配)
  加载更多：14 → 29 个
  待处理 12 个（第 3 页）
  [ 25分] 上海禾赛科技有限公司 | 智造工艺-测试PE工程师 | -K·薪 → 技能匹配:传感器/毫米波雷达/激光雷达、自动驾驶
  [ 25分] 启飞智能科技有限公司 | 无人驾驶决策规划算法工程师 | -K·薪 → 技能匹配:传感器/毫米波雷达/激光雷达、自动驾驶
  [ 55分] 虹软科技 | 自动驾驶产品经理实习生（可转正） | -元/天 → 接受实习/应届、技能匹配:传感器/毫米波雷达/激光雷达、自动驾驶
    ✅ 已投递 (8/22)
  [ 15分]  | 机器人 SLAM算法工程师（自动驾驶） |  → 技能匹配:ADAS、ADAS
  [ 15分]  | 自动驾驶系统开发工程师 |  → 技能匹配:ADAS、ADAS
  [ 15分]  | 自动化测试（大厂+双休+长期稳定） |  → 技能匹配:ADAS、ADAS
  [ 15分]  | 数据处理工程师（自动驾驶） |  → 技能匹配:ADAS、ADAS
  [ 15分]  | 自动驾驶诊断测试工程师 |  → 技能匹配:ADAS、ADAS
  [ 15分]  | 自动化测试（外企道富） |  → 技能匹配:ADAS、ADAS
  [ 15分]  | 整车系统集成测试（座舱方向） |  → 技能匹配:ADAS、ADAS
  [ 15分]  | 自动挡小车驾驶员免费试开7-15天 |  → 技能匹配:ADAS、ADAS
  [ 45分]  | 自动驾驶测试工程师 |  → 目标岗位:自动驾驶测试、技能匹配:ADAS、ADAS
    ✅ 已投递 (17/30)
  加载更多：14 → 29 个
  待处理 1 个（第 5 页）
  [ 25分] 职业树智能 | 整车测试工程师 | -K → 技能匹配:传感器/毫米波雷达/激光雷达、自动驾驶
  本页全不匹配 (连续 1/3 页无匹配)
  加载更多：29 → 44 个

  ☕ 休息 11s ...


============================================================
📍 杭州 | 🔍 实车测试 | 🎯 上限 15 份
============================================================
  待处理 1 个（第 1 页）
  [ 30分] 中科创达 | 车载测试（座舱/实车/台架） | -K → 目标岗位:车载测试
    ✅ 已投递 (1/15)
  加载更多：14 → 29 个
  加载更多：29 → 44 个
  待处理 2 个（第 4 页）
  [  0分] 极氪智能科技 | 测试验证工程师 | -K → 无匹配
  [  0分] 艾罗能源 | 电池测试工程师 | -K·薪 → 无匹配
  本页全不匹配 (连续 1/3 页无匹配)
  加载更多：44 → 59 个
  待处理 5 个（第 6 页）
  [  0分] 浙江春风动力股份... | 诊断测试工程师 | -K·薪 → 无匹配
  [  0分] 云尖信息 | 整机测试工程师 | -K → 无匹配
  [  0分] 杭州芯云海半导体 | FT测试工程师 | -K·薪 → 无匹配
  [  0分] 浙江固博认证有限公司 | 安规测试工程师 | -K·薪 → 无匹配
  [  0分] 三花先途 | te测试工程师 | -K·薪 → 无匹配
  本页全不匹配 (连续 2/3 页无匹配)

  ☕ 休息 9s ...


============================================================
📍 杭州 | 🔍 车载测试 | 🎯 上限 15 份
============================================================
  待处理 2 个（第 1 页）
  [ 15分] 浙江灵犀感知科技 | 毫米波雷达测试工程师 | -K → 技能匹配:毫米波雷达、毫米波雷达
  [  0分] 思特顺成都分公司 | UniApp跨端前端开发工程师(车载） | -K → 无匹配
  本页全不匹配 (连续 1/3 页无匹配)
  加载更多：14 → 29 个
  待处理 12 个（第 3 页）
  [  0分] 杭州星尘机器人 | 车载项目经理 | -K → 无匹配
  [  0分] 上海建通 | 整车测试用例开发 | -K → 无匹配
  [ 30分] 虹软科技 | 智能车载测试项目经理 | -K → 目标岗位:车载测试
    ✅ 已投递 (5/19)
  [  0分]  | 汽车测试工程师（出差岗） |  → 无匹配
  [  0分]  | 软件项目经理（车载） |  → 无匹配
  [ 20分]  | 车载Linux QT 开发工程师 |  → 技能匹配:Linux/LIN、Linux
  [  0分]  | 软件开发/测试【接受断档考研失败无经验】 |  → 无匹配
  [  0分]  | 车载控制器售后FAE |  → 无匹配
  [  0分]  | 自动化测试-双休-线上面试-大厂外包 |  → 无匹配
  [  0分]  | 车载嵌入式项目经理 |  → 无匹配
  [  0分]  | 测试工程师（功能测试，该岗位base台州） |  → 无匹配
  [  0分]  | Unity 开发-AR 沙盘 / 车载 HUD 军 |  → 无匹配
  加载更多：14 → 29 个
  加载更多：29 → 44 个
  待处理 9 个（第 6 页）
  [  0分] 棱镜全息 | 高级车载测试工程师 | -K·薪 → 标题包含排除词: 高级
  [  0分] Int-speed | 车载AI agent量产开发 | -K → 无匹配
  [  0分] 湖州鼎臣贸易有限公司 | 产品经理（车载吸尘器、跨境产品线） | -K → 无匹配
  [  0分] 东信创智 | UDS诊断测试工程师（重庆上班） | -K → 无匹配
  [  0分] 荷阁星图 | MCU车载仪表嵌入式工程师 | -K → 无匹配
  [  0分] 嘉瑞 | Android 开发-军工车载终端 / AR 配套 | -K → 无匹配
  [  5分] 三花汽零 | 测试工程师（汽车）-Python、capl开发 | -K·薪 → 技能匹配:Python
  [  0分] 鸿泉物联网 | 软件测试工程师（车载仪表业务线）(J10038) | -K·薪 → 无匹配
  [  0分] 绿和 | MCU（车载） | -K → 无匹配
  本页全不匹配 (连续 1/3 页无匹配)

  ☕ 休息 12s ...


============================================================
📍 成都 | 🔍 智驾测试 | 🎯 上限 15 份
============================================================
  待处理 3 个（第 1 页）
  [  0分] 河南宏博测控技术 | 新能源外场测试工程师 | -K → 缺少必须关键词: ADAS...
  [  0分] 零点科技 | 成都测试工程师 | -K → 缺少必须关键词: ADAS...
  [  0分] 腾讯云雀 | 测试工程师-DS(J12600) | -K → 缺少必须关键词: ADAS...
  本页全不匹配 (连续 1/3 页无匹配)
  加载更多：14 → 29 个
  待处理 4 个（第 3 页）
  [  0分] 智菲 | 助理测试工程师（短期项目6个月） | -K → 缺少必须关键词: ADAS...
  [  0分] 京北方 | 银行测试工程师 | -K → 缺少必须关键词: ADAS...
  [  0分] 纬致芯创科技 | 测试工程师（外企，氛围好，不加班） | -K → 缺少必须关键词: ADAS...
  [  0分] 屿穗 | 测试开发工程师-智能内容 | -K·薪 → 缺少必须关键词: ADAS...
  本页全不匹配 (连续 2/3 页无匹配)
  加载更多：29 → 44 个
  待处理 3 个（第 5 页）
  [  0分] 神州信息 | 初级测试工程师（招行外派-公积金全额） | -K → 缺少必须关键词: ADAS...
  [  0分] 北京申朴 | 【长期驻场人保】测试工程师 | -K → 缺少必须关键词: ADAS...
  [  0分] 汉朔公司 | 功能测试（UAT测试）-银行项目-薪资不打折 | -K → 缺少必须关键词: ADAS...
  本页全不匹配 (连续 3/3 页无匹配)

  ☕ 休息 11s ...


============================================================
📍 成都 | 🔍 ADAS测试 | 🎯 上限 15 份
============================================================
  加载更多：14 → 29 个
  待处理 5 个（第 2 页）
  [ 25分] 长亮科技 | 测试工程师（统招，现场，需求多，反馈快） | -K → 技能匹配:ADAS/CANoe/CAN、ADAS
  [ 25分] 软通动力 | 测试工程师（银行项目+现场面试） | -K → 技能匹配:ADAS/CANoe/CAN、ADAS
  [ 25分] 大连同方软银 | 测试工程师（银行经验） | -K → 技能匹配:ADAS/CANoe/CAN、ADAS
  [  0分] 普华基础软件 | 测试工程师【2026应届硕士招聘】 | -K·薪 → 标题包含排除词: 硕士
  [ 25分] 长城汽车 | 软件测试工程师 | -K·薪 → 技能匹配:ADAS/CANoe/CAN、ADAS
  本页全不匹配 (连续 1/3 页无匹配)
  加载更多：29 → 44 个
  待处理 5 个（第 4 页）
  [ 25分]  | 测试（成都 现场面试） |  → 技能匹配:ADAS/CANoe/CAN、ADAS
  [  0分] 翌擎科技 | 中/高级测试工程师 | -K → 标题包含排除词: 高级
  [ 35分] 信必优Symbio | 测试工程师（LINUX+C+视频编解码/驱动） | -K·薪 → 技能匹配:ADAS/Linux/CANoe、ADAS
    ✅ 已投递 (8/22)
  [ 25分]  | 机房测试工程师 |  → 技能匹配:ADAS/CANoe/CAN、ADAS
  [ 25分]  | 软件测试工程师（PON-成都） |  → 技能匹配:ADAS/CANoe/CAN、ADAS
  加载更多：14 → 29 个
  加载更多：29 → 43 个

  ☕ 休息 10s ...


============================================================
📍 成都 | 🔍 自动驾驶测试 | 🎯 上限 15 份
============================================================
  待处理 5 个（第 1 页）
  [ 10分] 柯莱特集团 | Unity3D开发（自动驾驶SR/车机可视化） | -K → 自动驾驶
  [  0分] 上海悦行合肥分公司 | 内招C1自动挡驾驶员 | -K → 缺少必须关键词: ADAS...
  [ 10分] 唯准科技 | 数据分析（自动驾驶周末双休） | -K → 自动驾驶
  [  0分] 外企德科数字 | 软件开发/测试-不限语言/AI项目-大厂 | -K·薪 → 缺少必须关键词: ADAS...
  [  0分] 卓软科技 | 自动化测试工程师 | -K → 缺少必须关键词: ADAS...
  本页全不匹配 (连续 1/3 页无匹配)
  加载更多：14 → 29 个
  待处理 9 个（第 3 页）
  [ 10分] 四川科玛智行科技 | 自动驾驶视觉感知算法工程师 | -K·薪 → 自动驾驶
  [ 10分] 浙江犀重新能源汽车 | 自动驾驶DRE工程师 | -K → 自动驾驶
  [ 10分] 百度 | 自动驾驶项目经理（外包） | -K → 自动驾驶
  [  0分] 纬致芯创科技 | 自动化测试(外企/UI/API接口方向） | -K → 缺少必须关键词: ADAS...
  [ 10分] 新一百科技 | 机器人工程师兼职（自动驾驶/避障） | -元/周 → 自动驾驶
  [ 30分] 软通动力 | 华为MDC智能驾驶专家 | -K → 目标岗位:智能驾驶
    ✅ 已投递 (11/25)
  [  0分]  | 自动化测试（双休线上面试） |  → 缺少必须关键词: ADAS...
  [  0分]  | 电力运维（国网配网自动化） |  → 缺少必须关键词: ADAS...
  [  0分]  | 整机测试工程师（骑行） |  → 缺少必须关键词: ADAS...
  加载更多：14 → 29 个
  加载更多：29 → 44 个
  待处理 7 个（第 6 页）
  [  0分] 特思亚 | AI自动化运营工程师 | -K → 缺少必须关键词: ADAS...
  [ 30分] 凯翼汽车 | 智能驾驶（零部件及系统开发） | -K·薪 → 目标岗位:智能驾驶
    ✅ 已投递 (16/29)
  [ 10分]  | 自动化测试（能源项目） |  → 自动驾驶
  [  0分]  | 驻场中高级测试工程师（外包岗，自动化） |  → 标题包含排除词: 高级
  [ 10分]  | 自动驾驶仿真工程师 |  → 自动驾驶
  [ 10分]  | 自动化测试 |  → 自动驾驶
  [ 10分]  | 自动驾驶工程师 |  → 自动驾驶

  ☕ 休息 11s ...


============================================================
📍 成都 | 🔍 实车测试 | 🎯 上限 15 份
============================================================
  加载更多：14 → 29 个
  待处理 1 个（第 2 页）
  [  0分] 上海复深蓝 | 银行测试线上面试 | -K → 缺少必须关键词: ADAS...
  本页全不匹配 (连续 1/3 页无匹配)
  加载更多：29 → 44 个
  待处理 2 个（第 4 页）
  [  0分] 恪赛科技 | 测试架构工程师 | -K → 缺少必须关键词: ADAS...
  [  0分] 拼多多集团-PDD | 安规测试工程师（60335）--base广东佛山 | -K → 缺少必须关键词: ADAS...
  本页全不匹配 (连续 2/3 页无匹配)
  加载更多：44 → 59 个
  待处理 4 个（第 6 页）
  [  0分] 四川华鲲 | 测试工程师（装备测试方向） | -K·薪 → 缺少必须关键词: ADAS...
  [  0分] 旭创科技 | 高频测试工程师 | -K → 缺少必须关键词: ADAS...
  [  0分] 伍柒必乐 | AI测试工程师 | -K → 缺少必须关键词: ADAS...
  [  0分] 成都纵横 | 测试设计工程师（无人机系统） | -K → 缺少必须关键词: ADAS...
  本页全不匹配 (连续 3/3 页无匹配)

  ☕ 休息 11s ...


============================================================
📍 成都 | 🔍 车载测试 | 🎯 上限 15 份
============================================================
  待处理 3 个（第 1 页）
  [ 60分] 中瓴智行 | 车载测试实习 | -元/天 → 目标岗位:车载测试、接受实习/应届
    ✅ 已投递 (1/15)
  [  5分] auskey | 车载语音测试 | -K → 技能匹配:通信
  [  5分] 法本 | 车载安卓应用开发工程师 | -K → 技能匹配:通信
  加载更多：14 → 29 个
  待处理 2 个（第 3 页）
  [  5分] 蓝思科科技 | 车载吸尘器性能测试7000+可预支 | -K → 技能匹配:通信
  [  5分] 科大领创 | Android车载开发 | -K → 技能匹配:通信
  本页全不匹配 (连续 1/3 页无匹配)
  加载更多：29 → 44 个
  待处理 3 个（第 5 页）
  [  5分] 软通动力 | 车载域控开发工程师 | -K → 技能匹配:通信
  [  5分] 同星智能 | c++开发测试工程师 | -K → 技能匹配:通信
  [  5分] 美团网 | OTA 系统测试工程师 | -K → 技能匹配:通信
  本页全不匹配 (连续 2/3 页无匹配)
  加载更多：44 → 59 个

  ☕ 休息 10s ...


============================================================
📍 苏州 | 🔍 智驾测试 | 🎯 上限 15 份
============================================================
  待处理 1 个（第 1 页）
  [ 15分] 京北方 | 测试工程师-苏州 | -K → 技能匹配:毫米波雷达、毫米波雷达
  本页全不匹配 (连续 1/3 页无匹配)
  加载更多：14 → 29 个
  待处理 1 个（第 3 页）
  [ 15分] 京北方信息 | 银行业务测试 | -K → 技能匹配:毫米波雷达、毫米波雷达
  本页全不匹配 (连续 2/3 页无匹配)
  加载更多：29 → 44 个
  待处理 4 个（第 5 页）
  [ 15分] 江苏中财 | 急招信贷测试（昆山） | -K → 技能匹配:毫米波雷达、毫米波雷达
  [ 15分] 新大洲本田摩托(... | 商品性测试工程师 | -K → 技能匹配:毫米波雷达、毫米波雷达
  [ 15分] 瑞创芯 | 触摸屏QT测试工程师 | -K → 技能匹配:毫米波雷达、毫米波雷达
  [ 15分] SGS | 汽车电子测试工程师 | -K → 技能匹配:毫米波雷达、毫米波雷达
  本页全不匹配 (连续 3/3 页无匹配)

  ☕ 休息 9s ...


============================================================
📍 苏州 | 🔍 ADAS测试 | 🎯 上限 15 份
============================================================
  待处理 3 个（第 1 页）
  [ 50分] 迈思信息 | ADAS测试工程师（英语可开口） | -K → 目标岗位:ADAS测试、技能匹配:ADAS/毫米波雷达、ADAS
    ✅ 已投递 (1/15)
  [ 15分] momenta | 系统测试工程师 | -K·薪 → 技能匹配:毫米波雷达、毫米波雷达
  [ 20分] 安波福电子 | ADAS software engineer | -K·薪 → 技能匹配:ADAS/毫米波雷达、ADAS
  加载更多：14 → 29 个
  待处理 5 个（第 3 页）
  [ 15分] 睿创微纳 | 产品测试工程师 | -K·薪 → 技能匹配:毫米波雷达、毫米波雷达
  [ 15分] 格物汽车科技 | 汽车标定/测试工程师 | -K → 技能匹配:毫米波雷达、毫米波雷达
  [ 25分] 美高创新科技（苏州） | Linux系统测试工程师 | -K → 技能匹配:Linux/LIN/毫米波雷达、Linux
  [ 15分] 泰科电子 | 实验室测试工程师 | -K·薪 → 技能匹配:毫米波雷达、毫米波雷达
  [ 15分] LINKHOU | 软硬件集成测试工程师 | -K·薪 → 技能匹配:毫米波雷达、毫米波雷达
  本页全不匹配 (连续 1/3 页无匹配)
  加载更多：29 → 44 个
  待处理 6 个（第 5 页）
  [ 45分] 晓枫股份 | 智驾测试主管 | -K → 目标岗位:智驾测试、技能匹配:毫米波雷达、智驾
    ✅ 已投递 (9/22)
  [ 25分]  | 中级测试工程师 |  → 技能匹配:Linux/LIN/Python、自动驾驶
  [ 25分]  | 发动机台架测试技师 |  → 技能匹配:Linux/LIN/Python、自动驾驶
  [ 25分]  | 银行测试工程师 |  → 技能匹配:Linux/LIN/Python、自动驾驶
  [  0分]  | 中高级测试工程师 |  → 标题包含排除词: 高级
  [ 25分]  | 硅光测试工程师 |  → 技能匹配:Linux/LIN/Python、自动驾驶
  加载更多：14 → 29 个

  ☕ 休息 9s ...


============================================================
📍 苏州 | 🔍 自动驾驶测试 | 🎯 上限 15 份
============================================================
  待处理 6 个（第 1 页）
  [  0分] 知行汽车 | 测试工程师（24-26届） | -K·薪 → 缺少必须关键词: ADAS...
  [ 10分] 瞬联科技 | 自动驾驶数据工程师 | -K → 自动驾驶
  [ 10分] 苏州智加科技有限... | 自动驾驶软件测试工程师 | -K·薪 → 自动驾驶
  [  0分] 苏环集团 | 环卫无人驾驶车辆工程师 | -K·薪 → 缺少必须关键词: ADAS...
  [  0分] 上海悦行合肥分公司 | 【苏州】招C1自动挡驾驶员 | -K → 缺少必须关键词: ADAS...
  [ 10分] 上海嘉恒昇教育科技 | 自动驾驶系统工程师 | -K·薪 → 自动驾驶
  本页全不匹配 (连续 1/3 页无匹配)
  加载更多：14 → 29 个
  待处理 5 个（第 3 页）
  [ 10分] 广州吉飞 | 自动驾驶数据标注苏州 | -K → 自动驾驶
  [ 40分] Momenta | 自动驾驶系统研发实习 | -元/天 → 接受实习/应届、自动驾驶
    ✅ 已投递 (8/22)
  [ 10分]  | 具身机器人/自动驾驶算法开发 |  → 自动驾驶
  [ 30分]  | TPM(智能驾驶) |  → 目标岗位:智能驾驶
    ✅ 已投递 (10/23)
  [ 25分]  | 无人驾驶整车集成工程师 |  → 技能匹配:Linux/LIN/Python、自动驾驶
  加载更多：14 → 29 个
  待处理 1 个（第 5 页）
  [ 25分] 苏州欧尺梯智能 | 采购经理（非标自动化） | -K → 技能匹配:Linux/LIN/Python、自动驾驶
  本页全不匹配 (连续 1/3 页无匹配)
  加载更多：29 → 44 个

  ☕ 休息 10s ...


============================================================
📍 苏州 | 🔍 实车测试 | 🎯 上限 15 份
============================================================
  待处理 2 个（第 1 页）
  [ 25分] 苏州英特模 | 测试技师 | -K → 技能匹配:Linux/LIN/实车测试、Linux
  [ 25分] 苏州珂玛 | 测试工程师（加热器） | -K → 技能匹配:Linux/LIN/实车测试、Linux
  本页全不匹配 (连续 1/3 页无匹配)
  加载更多：14 → 29 个
  待处理 1 个（第 3 页）
  [ 25分] 立胜汽车科技 | 测试工程师（Lab） | -K → 技能匹配:Linux/LIN/实车测试、Linux
  本页全不匹配 (连续 2/3 页无匹配)
  加载更多：29 → 44 个
  待处理 6 个（第 5 页）
  [ 25分] 苏州绿控 | 台架测试工程师 | -K·薪 → 技能匹配:Linux/LIN/实车测试、Linux
  [ 25分] 立讯电子科技 | rf测试工程师 | -K → 技能匹配:Linux/LIN/实车测试、Linux
  [ 25分] 思迹科技发展 | AI测试工程师 | -K·薪 → 技能匹配:Linux/LIN/实车测试、Linux
  [ 25分] 欧康利 | 服务器DIMM测试脚本开发 | -K → 技能匹配:Linux/LIN/实车测试、Linux
  [ 25分] KEXCELLED | 测试工程师（树脂） | -K·薪 → 技能匹配:Linux/LIN/实车测试、Linux
  [ 25分] 科沃斯机器人有限公司 | 电机测试工程师 | -K·薪 → 技能匹配:Linux/LIN/实车测试、Linux
  本页全不匹配 (连续 3/3 页无匹配)

  ☕ 休息 10s ...


============================================================
📍 苏州 | 🔍 车载测试 | 🎯 上限 15 份
============================================================
  加载更多：14 → 29 个
  待处理 1 个（第 2 页）
  [ 15分] 科大讯飞 | 车载硬件测试项目经理/TPM | -K·薪 → 技能匹配:毫米波雷达、毫米波雷达
  本页全不匹配 (连续 1/3 页无匹配)
  加载更多：29 → 44 个
  待处理 4 个（第 4 页）
  [ 15分] Sealta | 测试支持工程师 | -K → 技能匹配:毫米波雷达、毫米波雷达
  [ 15分] 友达光电 | 车载机构工程师（翻转结构） | -K·薪 → 技能匹配:毫米波雷达、毫米波雷达
  [ 25分] 君盛物业管理有限公司 | 嵌入式linux软件工程师-车载 | -K → 技能匹配:Linux/LIN/毫米波雷达、Linux
  [ 15分] 潮州三环 | 车载FAE | -K·薪 → 技能匹配:毫米波雷达、毫米波雷达
  本页全不匹配 (连续 2/3 页无匹配)
  加载更多：44 → 59 个
  待处理 4 个（第 6 页）
  [ 15分] 睿创微纳 | 供应商质量工程师-非车载(J10578) | -K → 技能匹配:毫米波雷达、毫米波雷达
  [ 25分] 瞬联科技 | 车载Linux BSP开发 | -K → 技能匹配:Linux/LIN/毫米波雷达、Linux
  [ 15分] 固德威 | 电池系统测试工程师 | -K·薪 → 技能匹配:毫米波雷达、毫米波雷达
  [ 15分] 华勤技术股份有限公司 | 车载应用开发 | -K·薪 → 技能匹配:毫米波雷达、毫米波雷达
  本页全不匹配 (连续 3/3 页无匹配)

╔══════════════════════════════════════╗
║  全部完成                            ║
║  ✅ 投递: 160  ⏭️ 跳过: 427  ❌ 失败: 0  ║
╚══════════════════════════════════════╝


╔══════════════════════════════════════╗
║  🤖 Job Hunter — 2026-06-18 11:22  ║
╠══════════════════════════════════════╣
║  平台: Boss直聘                         ║
║  城市: 深圳, 上海, 广州, 北京, 武汉      ║
║  搜索词: 智驾测试, ADAS测试, 自动驾驶测试  ║
║  浏览: 2818 岗 | 投递: 680 岗 | 跳过: 2138 岗 ║
╚══════════════════════════════════════╝

  ✅ 所有投递记录（按评分降序）:
  [100分] 麓测科技            | adas测试工程师                 | -K
  [100分] 上海星光瀚澜智能科技      | 智能驾驶路测工程师                 | -K·薪
  [ 85分] 智驾新程            | 智能驾驶实车测试实习生(A44172)       | -元/天
  [ 85分]                 | 实习生（智驾测试场景标注）             | 
  [ 80分]                 | 智能驾驶测试实习技师（27届）           | 
  [ 80分] 鸿灌              | 自动驾驶测试工程师                 | -K·薪
  [ 75分] 零一汽车            | 自动驾驶路测与运维工程师              | -K·薪
  [ 70分] 中软国际            | 数据采集组长-现场面试（急）            | -K
  [ 70分] 浙江无界矩阵科技        | 车辆测试经理                    | -K
  [ 70分] 特斯拉 Tesla       | 智驾测试（实车测试）技师 - 广州         | -K
  [ 70分] 广州玉团网络科技        | 自动驾驶数据标注员                 | -元/天
  [ 70分] 东软集团            | 座舱智驾测试工程师                 | -K
  [ 70分] 上海秉辙科技有限公司      | 智驾测试工程师                   | -K
  [ 70分] 上海礼聪            | 智驾测试-上海                   | -K
  [ 70分] 软通动力            | 车载测试                      | -K
  [ 70分] 德赛西威            | 实车测试工程师（行车）               | -K
  [ 70分] 上海礼聪            | 智驾实车测试-苏州-线上面试            | -K
  [ 70分] 深圳市锐明技术         | L4自动驾驶算法测试实习生             | -元/天
  [ 70分] 创睿连科(大连)科技      | 车辆测试工程师                   | -K
  [ 70分] 江苏大块头智驾科技       | 实车测试工程师                   | -K
  [ 70分] 北路智控            | 智能驾驶测试工程师                 | -K·薪
  [ 70分] 四川星河智略网络科技      | 车载测试工程师                   | -K
  [ 70分] 邢台佰纺网络科技        | AI自动驾驶测试驾驶员               | -K
  [ 70分] 苏州优控智行          | ADAS辅助驾驶标定                | -K
  [ 70分]                 | 测试实习生                     | 
  [ 70分] 法本信息            | 自动驾驶安全员/路测-17薪+双休+六险一金    | -K
  [ 70分]                 | 道路自动行驶车辆测试员 工作轻松 五险一金     | 
  [ 70分] 上海鑫芯堂科技         | 智能驾驶测试工程师（adas)           | -K
  [ 70分] 理想科技            | adas测试                    | -K
  [ 70分] 软通动力            | 智驾测试                      | -K
  [ 70分] 上海礼聪            | 实车测试（demo演示）-base苏州-线上面试  | -K
  [ 70分] 长沙行深智能科技...     | 实车测试工程师                   | -K
  [ 70分] 华苏科技            | ADAS实车测试                  | -K
  [ 70分] 邓州市灵尧销售经...     | 车载测试工程师                   | -K·薪
  [ 70分] 源柏科技            | ADAS测试工程师                 | -K·薪
  [ 70分] 普华基础软件          | 车载网络测试工程师                 | -K·薪
  [ 70分] 成都天软信息          | 车载测试工程师                   | -K
  [ 70分] 福瑞泰克            | ADAS功能开发实习生               | -元/天
  [ 70分] 浙江零跑科技          | 智能驾驶行车测试工程师-实车            | -K·薪
  [ 70分] 科络达云软件技术...     | 实车测试工程师                   | -K
  [ 70分] 湖北方驰英才教育科技      | 车载测试讲师                    | -K
  [ 70分] 宽凳智云科技          | 自动驾驶道路测试工程师               | -K
  [ 70分] 瞬联科技            | 智能驾驶数据算法工程师（ADAS ）        | -K
  [ 70分] 斯路森工程技术         | ADAS测试工程师                 | -K
  [ 70分] 宸控智新            | 智能驾驶测试工程师                 | -K
  [ 70分] 迈思信息            | ADAS测试（英语口语）              | -K
  [ 70分] 中慧智安            | 自动驾驶路测数据处理工程师---急招        | -K
  [ 70分] 江苏中汽院汽车工...     | 智能驾驶测试工程师（重庆）             | -K
  [ 70分] 赛力斯汽车           | 智驾测试工程师                   | -K·薪
  [ 70分] 中软国际            | 车载测试（加班费）                 | -K
  [ 65分] SFS             | 车联网测试工程师                  | -K
  [ 65分] 全道科技            | 自动驾驶测试打点员（智驾大厂+单人单车）      | -K
  [ 65分] 上汽大通            | 智能驾驶测试工程师                 | -K·薪
  [ 65分] 地平线             | 智能驾驶系统测试工程师(实车方向)         | -K·薪
  [ 65分] 上海礼聪            | 实车测试（demo演示）-base苏州-线上面试  | -K
  [ 65分] 中软国际            | 车载测试（线上面试+全额公积金）          | -K
  [ 65分] 德国电信咨询          | adas测试工程师                 | -K·薪
  [ 65分]                 | 自动驾驶测试工程师                 | 
  [ 65分]                 | 车载测试工程师                   | 
  [ 65分] 极豆车联网           | 实车测试工程师（泊车）               | -K
  [ 65分]                 | 实车测试工程师-实车测试&app测试        | 
  [ 65分] 米米无忧            | 自动驾驶测试员（路测司机/地援）双休        | -K·薪
  [ 65分] 信必优             | 自动驾驶测试工程师                 | -K
  [ 65分] 汇英科技有限公司        | 汽车智能驾驶AP系统测试工程师（双休）       | -K
  [ 65分]                 | 测试工程师（26届校招）              | 
  [ 65分] 辉粤              | 招聘无人驾驶测试安全员五险一金包吃         | -K
  [ 65分] 东信创智            | ADAS测试工程师                 | -K
  [ 65分] 启强科技            | 实车测试                      | -K·薪
  [ 65分] 成都锦程智行智能技术      | 自动驾驶测试工程师                 | -K
  [ 65分] 上海礼聪            | 智驾实车测试-苏州岗位-线上面试          | -K
  [ 65分] 纬致芯创科技          | 车载测试-长期稳定                 | -K
  [ 65分] 飞天舟             | 车载测试工程师（Base:惠州，视频面试）     | -K
  [ 65分] 软通动力            | 海外自动驾驶路测工程师               | -K
  [ 65分] 理想科技            | 智能驾驶工程师                   | -K
  [ 65分] 软通动力            | 海外自动驾驶路测工程师               | -K
  [ 65分]                 | 深圳-自动驾驶安全员[6k-8k]五险一金     | 
  [ 65分] 润芯微             | 数据采集测试员（空间智能）             | -K
  [ 65分] 深圳市锐明技术         | 自动驾驶决策规划实习/校招             | -元/天
  [ 60分] 迅仿              | 自动驾驶测试工程师                 | -K·薪
  [ 60分] 苏州聚功匠科技         | 机器人数据采集                   | -K
  [ 60分] 杭州谨通信息科技        | 上海数据采集（小白实习生都能做，200一天     | -元/天
  [ 60分] 北京软通动力云计...     | 27届实习岗位-数据采集              | -元/天
  [ 60分] 中软国际            | 数据采集组长-现场面试（急）            | -K
  [ 60分] 上海赛赛汽车          | ADAS测试（APA泊车方向）驻浦东长期项目    | -K
  [ 60分] 上海士方科技          | adas测试工程师                 | -K
  [ 60分] 上海士方科技          | adas测试工程师                 | -K
  [ 60分] 智驾新程            | 德国实车测试工程师-行泊方向            | -K
  [ 60分] 柯莱特集团           | BMS测试工程师（实车测试）            | -K
  [ 60分] 克莱蒙特            | ADAS实车测试                  | -元/时
  [ 60分] 极氪汽车            | [急招][实习生]车载软件测试工程师        | -元/天
  [ 60分] 沈阳美欧迪汽车技术       | 车载测试工程师                   | -K
  [ 60分] NIO蔚来           | 智能辅助驾驶算法评测实习生             | -元/天
  [ 60分]                 | 随时到岗I车载测试实习生I不卡学校I亦庄      | 
  [ 60分] 上海翼锐汽车科技        | adas测试工程师 外派安徽大众          | -K
  [ 60分] 安徽佳通乘用子午...     | 实车测试工程师                   | -K
  [ 60分]                 | 车载测试                      | 
  [ 60分] 版石软件(上海)        | 测试-ADAS辅助驾驶系统-对日企业        | -K
  [ 60分] 晓枫股份            | 智驾测试工程师                   | -K
  [ 60分] 中瓴智行            | 车载测试实习                    | -元/天
  [ 60分] 晓枫股份            | 智驾测试工程师                   | -K
  [ 60分] 清华大学应用研究院       | 产品经理实习生（自动驾驶/具身智能方向）      | -元/天
  [ 60分] 铮旗信息            | 车载测试                      | -K
  [ 60分]                 | 测试 实习生                    | 
  [ 60分] 伟博科技            | 匹配测试工程师（应届生）              | -K·薪
  [ 60分]                 | 智能驾驶底层软件测试工程师_BCSC        | 
  [ 60分] 零跑科技            | adas测试工程师                 | -K·薪
  [ 60分] 西图盟             | 智能驾驶测试工程师                 | -K
  [ 60分] 德中电子科技          | ADAS测试工程师                 | -K
  [ 60分] 纬致芯创科技          | 车载测试工程师（一轮面试，年后入职）        | -K
  [ 60分] ZD              | 车载测试（多个方向）                | -K
  [ 60分]                 | 自动驾驶测试工程师                 | 
  [ 60分] 曹操出行            | 测试工程师                     | -K·薪
  [ 60分] 神州信息            | 性能测试                      | -K
  [ 60分] altenchina      | 车载测试工程师(仪表/统本)            | -K·薪
  [ 60分] 河南比卢信息科技        | 初级车载测试工程师（应届生可投/晋升情绪      | -K
  [ 55分] 伯镭科技            | 自动驾驶测试工程师                 | -K
  [ 55分] 采埃孚亚太集团有...     | ADAS实车测试工程师               | -K·薪
  [ 55分] 佳众诚新能源          | 测试工程师/新能源电池储能行业/接受应届生     | -K
  [ 55分]                 | 实车测试专家（Tech Lead）         | 
  [ 55分] 微创软件            | 车载测试（语音助手）工程师             | -K
  [ 55分] 软通动力            | 车载测试分析工程师                 | -K
  [ 55分] 中软国际            | 车载测试工程师【面试快+全额公积金+双休】     | -K·薪
  [ 55分]                 | 车载电源软件实习生(A46780)         | 
  [ 55分] 吉利研究院           | adas测试工程师                 | -K
  [ 55分] 润和软件            | 车载测试（核验社保）                | -K
  [ 55分] 润和软件            | 车载测试工程师（ota/t-box）        | -K
  [ 55分] 虹潭岭             | 智驾测试                      | -K
  [ 55分] 晟拓              | 智驾测试项目经理                  | -K
  [ 55分] 摩太科技            | 车载测试                      | -K
  [ 55分] 行展软件            | 车载测试工程师                   | -K
  [ 55分] 雅迅智联            | 车载测试工程师（江淮驻厂）             | -K
  [ 55分] 上海众诚汽车工程技术      | 高阶智驾测试工程师                 | -K
  [ 55分] ZD              | 车载测试（车身）                  | -K
  [ 55分] 广汽集团            | 智驾测试工程师                   | -K·薪
  [ 55分] 纬致科技北京          | 实车测试工程师                   | -K
  [ 55分]                 | 车载测试                      | 
  [ 55分] 纬致芯创科技          | 车载测试工程师（小鹏）               | -K
  [ 55分] 小鹏汇天            | 车载测试（车机HIL方向）             | -K·薪
  [ 55分] 东信创智            | adas测试工程师                 | -K
  [ 55分] 骏玖电子            | 座舱智驾测试工程师                 | -K·薪
  [ 55分] 极豆车联网           | 实车测试工程师（泊车方向）             | -K
  [ 55分] 中软国际            | 车载测试工程师                   | -K
  [ 55分] 信必优Symbio       | 急招车载测试【尽快到岗，需有3年驾龄】       | -K
  [ 55分] 飞天舟             | 车载测试工程师（线上面试）             | -K
  [ 55分] 成都天软信息          | 车载测试工程师                   | -K
  [ 55分]                 | 座舱智能体 智能驾驶 大模型开发 AI特性     | 
  [ 55分] 虹软科技            | 自动驾驶产品经理实习生（可转正）          | -元/天
  [ 55分] 云兆智联            | 智能驾驶仿真测试                  | -K
  [ 55分] 京东物流            | L4智驾测试                    | -K·薪
  [ 55分] 卓驭              | 车载测试工程师                   | -K·薪
  [ 55分] 北京和川智远科技        | 自动驾驶路测工程师                 | -K
  [ 55分] 太仓艾博科智能科技       | adas测试助理工程师               | -K·薪
  [ 55分] 法本              | 车载测试工程师                   | -K
  [ 55分] 苏州方寸智能科技        | 机器人开发测试实习生                | -元/天
  [ 55分]                 | 机器人测试负责人                  | 
  [ 55分]                 | 车载测试负责人                   | 
  [ 55分] 蚂蚁集团            | （重庆）标注项目运营-智能驾驶方向         | -K·薪
  [ 55分] 华苏科技            | 车载测试工程师                   | -K
  [ 55分] 宁波朱雀汽车科技        | 座舱车载测试讲师                  | -K
  [ 55分] 重庆小猿科技有限公司      | 车载测试讲师                    | -K
  [ 55分]                 | 车载测试开发工程师                 | 
  [ 50分] 中科创达            | 实车测试工程师（自动驾驶）             | -K
  [ 50分] 唐山小豆            | 机器人数据采集员                  | -K
  [ 50分] 煊鋆信息            | 数据采集专员                    | -K
  [ 50分] 集识光年            | 数据采集兼职                    | -元/时
  [ 50分] 比亚迪汽车工业         | 智能驾驶实车测试工程师               | -K
  [ 50分] 智驾新程            | 实车测试工程师                   | -K·薪
  [ 50分] 时代云驰            | 车载测试工程师                   | -K
  [ 50分] 杭州绿石科技创业        | 智驾测试开发工程师                 | -K
  [ 50分] 上海赛赛汽车          | ADAS智驾测试                  | -K
  [ 50分] 法本              | 项目经理（智驾测试经验）              | -K
  [ 50分]                 | 智能驾驶域控系统测试                | 
  [ 50分] 版石软件(上海)        | 车载软件开发测试 (ADAS辅助驾驶--统专)   | -K
  [ 50分] 中科创达            | 自动驾驶测试开发工程师               | -K
  [ 50分]                 | ADAS测试工程师（主动安全测试）         | 
  [ 50分] 上海瑞应人才科技        | 智能驾驶ADAS技术工程师（黑芝麻，好项目）    | -K
  [ 50分]                 | ADAS测试工程师                 | 
  [ 50分] 上海悦行合肥分公司       | 内招C1自动挡驾驶员                | -K
  [ 50分] 纬致科技北京          | L4自动驾驶测试                  | -K
  [ 50分] 克莱蒙特            | ADAS测试工程师                 | -K
  [ 50分] 智驾新程            | adas智能驾驶硬件工程师             | -K·薪
  [ 50分]                 | 车载测试工程师                   | 
  [ 50分] 寅家科技            | 测试实习生                     | -元/天
  [ 50分] 美图公司            | 测试开发实习生（厦门） (MJ002118)    | -元/天
  [ 50分] 杰芯科技有限公司        | 软件测试助理工程师/接受应届无经验         | -K
  [ 50分] 信必优Symbio       | L4自动驾驶测试（数据分析方向）          | -K
  [ 50分] 东信创智            | 车载测试（车身域测试）               | -K
  [ 50分]                 | 诚招！无人汽车驾驶安全员 五险一金 待遇好     | 
  [ 50分] 信必优Symbio       | 自动驾驶道路测试工程师-数据分析/L4/仿真    | -K
  [ 50分] 四川省才佑科技         | 自动驾驶测试员+薪资6k+季度绩效+五险一金    | -K
  [ 50分] 联想懂的通信          | 自动驾驶安全员                   | -K
  [ 50分] 北京能科瑞元有限公司      | 自动驾驶安全员（现场面试）             | -K
  [ 50分] 惠宇科技            | 会开车的来！驾驶安全员测试 五险一金        | -K
  [ 50分]                 | 自动驾驶测试员+双休+五险一金+17薪+黄埔    | 
  [ 50分]                 | 6000+无人汽车驾驶安全员 五险一金工作轻松   | 
  [ 50分] 黑河市易威斯集中...     | 自动驾驶测试                    | -K
  [ 50分] 纬致芯创科技          | ADAS测试工程师（吉利，一轮面试，双休）     | -K
  [ 50分] 同舟技术            | adas测试                    | -K
  [ 50分] 上海橘盈科技有限公司      | Adas实车测试（会开车，全流程测试）       | -K·薪
  [ 50分] 中科创达            | 初级车辆测试（初级技术员）(A13170)     | -K
  [ 50分] 中软国际            | 车载测试工程师                   | -K
  [ 50分] 素医健康            | 车载测试工程师                   | -K
  [ 50分] 北京云万信息科技        | 车载测试工程师                   | -K
  [ 50分] 承影科技            | 车载测试工程师                   | -K
  [ 50分] 璀璨智行            | 实车测试中级工程师                 | -K
  [ 50分] 法本              | 智驾测试（标注）                  | 
  [ 50分] 深圳市锐明技术         | 产品助理实习生-自动驾驶产品(J12457)    | -元/天
  [ 50分]                 | 自动驾驶数据诊断员                 | 
  [ 50分] 全晓信息            | 车载测试（通信 车联网）              | -K
  [ 50分] 软通动力            | 自动驾驶车辆测试员-珠海              | -K
  [ 50分] 斯路森工程技术         | ADAS测试工程师                 | -K
  [ 50分] 上海礼聪            | 智驾实车测试-苏州                 | -K
  [ 50分] 欧冶半导体           | 实车测试工程师（外包）               | -K
  [ 50分] 迈思信息            | ADAS测试工程师（英语可开口）          | -K
  [ 50分] 华苏科技            | 车载测试（全模块）                 | -K
  [ 50分] 上海思芮            | 车载测试（座舱、ota、车控、车身等其他）     | -K
  [ 50分] 深圳市锐明技术         | 算法测试实习生(J12082)           | -元/天
  [ 45分] 几何伙伴智能驾驶        | 自动驾驶测试安全员                 | 
  [ 45分] 辰海智驾测试          | 自动驾驶安全员                   | -K
  [ 45分] 几何伙伴智能驾驶        | L4自动驾驶测试工程师               | -K
  [ 45分] 英特莱汽车           | 智能座舱/辅助驾驶测试【驾驶员】—安全员      | -K
  [ 45分] 苏州数采智联科技        | NOA智驾安全员（上海/深圳/芜湖）        | -K
  [ 45分] 全道科技            | 自动驾驶安全员（车企大厂）             | -K
  [ 45分] 盟识科技            | 自动驾驶测试工程师岗位               | -K
  [ 45分] 文远知行            | 自动驾驶平台开发实习生 (2027届-可转正)   | -元/天
  [ 45分] 上海携玉信息科技        | 数据采集                      | -K
  [ 45分] 上海星途标注科技        | 数据采集兼职                    | -元/时
  [ 45分] 云百讯             | 机器人数据采集专员                 | -K
  [ 45分] 科度信息            | 外业采集员（暑期实习）               | -元/天
  [ 45分] 时代云驰            | 车联网测试工程师                  | -K
  [ 45分] 一汽大众            | adas测试工程师                 | -K
  [ 45分] 软件评测            | adas测试工程师（RCW/SBR）        | -K
  [ 45分] 景烁科技            | 智驾测试量产QA—包三餐+单休           | -K
  [ 45分] 软通动力            | 车载测试                      | -K
  [ 45分] 时代云驰            | 车载测试工程师                   | -K
  [ 45分] 沈阳美欧迪汽车技术       | 车载测试工程师                   | -K
  [ 45分] 哈啰普惠            | 自动驾驶测试工程师/专家（实车测试）        | -K·薪
  [ 45分] 版石软件(上海)        | 车载测试-ADAS-会日语-需要到面        | -K
  [ 45分]                 | 自动驾驶道路测试工程师               | 
  [ 45分] 中科创达            | 车载测试pm(adas)              | -K
  [ 45分]                 | 车载测试                      | 
  [ 45分] 艾尔动力            | ADAS智能驾驶机器人测试工程师          | -K
  [ 45分] 安徽领目            | adas测试工程师                 | -K
  [ 45分]                 | ADAS测试                    | 
  [ 45分] 经纬恒润            | 自动驾驶测试工程师                 | -K
  [ 45分] 重庆软维科技有限公司      | 智能驾驶测试                    | -K
  [ 45分] 宁橡新能源汽车电子       | 智能驾驶 / ADAS 仿真测试工程师       | -K
  [ 45分] 西图盟             | 智能驾驶测试工程师                 | -K
  [ 45分] 西图盟             | 智能驾驶测试工程师                 | -K
  [ 45分] 吉利研究院           | 智能驾驶测试【外包岗位】              | -K
  [ 45分] 西图盟             | 智能驾驶测试工程师                 | -K
  [ 45分]                 | 智驾测试工程师                   | 
  [ 45分] 济让              | 车载测试工程师（吉利外协）             | -K
  [ 45分]                 | 智能驾驶测试工程师 (智能驾驶测试)        | 
  [ 45分] 孔像汽车            | 自动驾驶测试工程师                 | -K
  [ 45分]                 | 智能驾驶安全员                   | 
  [ 45分] 启强科技            | 智驾测试                      | -K
  [ 45分] 骏玖电子            | 座舱智驾测试工程师                 | -K·薪
  [ 45分] 埃科汽车            | 智驾测试工程师+双休+五险一金           | -K·薪
  [ 45分] 允皓智能            | 海珠 智能驾驶测试 五险一金 包吃         | -K
  [ 45分] 宇莱智能科技          | 自动车辆测试安全员 五险一金 5-9K 福利多   | -K
  [ 45分] 沈阳职通未来信息技术      | 自动驾驶路测安全员（广州） | 五险一金      | -K
  [ 45分] 茂名市惠宇科技信息       | 无人驾驶安全员（可接受无经验）           | -K
  [ 45分] 东信创智            | 车载测试工程师                   | -K
  [ 45分] 宇莱智能            | 招广州海珠区无人驾驶测试安全员 五险一金      | -K
  [ 45分] 匀极网络科技有限公司      | 自动驾驶安全员|10万公里老司机|五险一金     | -K
  [ 45分] 上海星光瀚澜智能科技      | L4自动驾驶道路测试工程师             | -K
  [ 45分] 东南维通            | 自动驾驶实车测试操作工程师             | -K
  [ 45分] 软通动力            | 智驾测试                      | -K
  [ 45分] 软通动力            | 线上面试/早九晚六/智驾测试            | -K
  [ 45分] 上海弈之杰信息技...     | ADAS智驾测试工程师               | -K
  [ 45分] 成都天软信息          | 车载测试工程师                   | -K
  [ 45分] 冲合信息技术          | 自动驾驶测试工程师                 | -K
  [ 45分] 无锡车联天下智能科技      | 车载测试专家                    | -K·薪
  [ 45分] 药明生物            | 机械自动化专业应届生 (MJ010021)     | -K
  [ 45分] 中科创达            | 智驾车载测试工程师                 | -K
  [ 45分] 盖硕网络            | 智能驾驶测试开发工程师               | -K
  [ 45分] 汉克时代            | 测试工程师（汽车）                 | -K
  [ 45分] 宽凳智云科技          | 自动驾驶道路测试工程师               | -K
  [ 45分] 杭州酷移机器人         | 自动驾驶安全员                   | -K
  [ 45分] 零跑科技            | 智驾测试工程师                   | -K·薪
  [ 45分] 曹操出行            | L4车载测试工程师                 | -K·薪
  [ 45分] 虹软科技            | ADAS解决方案工程师（校招）           | -K
  [ 45分] 零跑科技            | 智能驾驶泊车测试工程师               | -K·薪
  [ 45分]                 | 自动驾驶测试工程师                 | 
  [ 45分] 联想集团            | 智驾测试工程师                   | -K
  [ 45分] 辽宁宏图            | 自动驾驶安全员——武汉               | -K
  [ 45分] 河南炎壤信息科技        | 智能驾驶测试工程师（六险二金/不加班）       | -K
  [ 45分] 拓维云创            | 车载测试                      | -K
  [ 45分] 深圳市一零二四机...     | 自动驾驶测试                    | -K
  [ 45分] 瞳行智联            | 车载测试岗位                    | -K·薪
  [ 45分]                 | 智能驾驶（行车）软件测试工程师           | 
  [ 45分] 比亚迪汽车工业         | 自动驾驶测试验收工程师               | -K
  [ 45分] 软通动力            | 自动驾驶测试员（大厂外包岗）            | -K
  [ 45分] 西安星矩网络科技        | 无人车驾驶路测/司机                | -K·薪
  [ 45分] 米米无忧            | 珠海双休 + 五险一金智驾测试员          | -K
  [ 45分] 四川启明同舟数字科技      | 智驾测试员                     | -K
  [ 45分] 迈思信息            | 车载测试（ADAS经验 英语口语）         | -K
  [ 45分] 睿驰智车            | adas测试工程师助理               | -K
  [ 45分] 轻舟智航            | L4自动驾驶路测工程师               | -K·薪
  [ 45分] 上海舟恩信息          | 车载测试（嵌入式测试/复试现场）          | -K
  [ 45分] 晓枫股份            | 智驾测试主管                    | -K
  [ 45分] 德宜溪谷            | ADAS测试工程师                 | -K·薪
  [ 45分] 德宜溪谷            | 自动驾驶数据闭环实习生（数据验收方向）       | -元/天
  [ 45分] 中软国际            | 车载测试工程师                   | -K
  [ 45分] 江苏泽景            | 车载测试                      | -K·薪
  [ 45分] 上海思芮            | 车载测试工程师(集团/长期/双休/批量/紧急)   | -K
  [ 45分] 仕博测试            | 智能驾驶路测工程师                 | -K·薪
  [ 40分]                 | C驾照 自动驾驶安全员 智驾司机 双休       | 
  [ 40分] 中软国际            | 数据分析-自动驾驶方向               | -K
  [ 40分] 斯年智驾            | 自动驾驶测试实施工程师               | -K
  [ 40分]                 | 自动驾驶测试安全员                 | 
  [ 40分]                 | 自动驾驶软件实习生                 | 
  [ 40分] 畅云创客            | 具身智能数据采集员（包住宿）            | -元/天
  [ 40分]                 | 智驾数据采集运营质检（外业采集）          | 
  [ 40分] 37℃data         | 上海机器人数据采集员                | -元/天
  [ 40分] 荣晟智能            | 地图数据采集工程师                 | -K
  [ 40分] 复川              | 兼职数据采集——上海                | -元/时
  [ 40分] 慧翰股份            | 车联网测试助理                   | -K·薪
  [ 40分] 大连智捷企业管理...     | 车联网测试工程师-日英双语             | -K
  [ 40分] 极豆车联网           | Android开发工程师【车联网/智能座舱】    | -K·薪
  [ 40分]                 | OTA台架测试                   | 
  [ 40分]                 | 压缩机测试                     | 
  [ 40分] 采埃孚亚太集团有...     | 车辆测试工程师                   | -K·薪
  [ 40分]                 | 5G测试工程师                   | 
  [ 40分] 上海吾创            | 台架测试技师                    | -K
  [ 40分] 盟识科技            | 自动驾驶测试工程师-00025           | -K
  [ 40分]                 | 自动驾驶测试研发工程师（上海）           | 
  [ 40分] 李斯特技术中心(...     | 自动驾驶测试                    | -K
  [ 40分] 艺溪云智科技          | 自动驾驶测试工程师                 | -K
  [ 40分] 曹操出行            | 新能源车司机会开自动挡就行             | -K
  [ 40分] 全道科技            | 自动驾驶测试驾驶员                 | -K
  [ 40分] 软通动力            | 自动驾驶测试(外派互联网大厂)           | -K
  [ 40分] 新石器慧通           | 【实习生】软件测试工程师（自动驾驶方向）      | -元/天
  [ 40分] 白犀牛             | 自动驾驶仿真工程师实习生              | -元/天
  [ 40分]                 | 智能网联自动驾驶感知算法实习生           | 
  [ 40分]                 | 科研助理实习-自动驾驶场景生成           | 
  [ 40分] 软件评测            | 智驾测试工程师（NOA）              | -K
  [ 40分] 北京出行            | 自动驾驶安全员                   | -K
  [ 40分] 白犀牛             | 自动驾驶算法实习生                 | -元/天
  [ 40分]                 | 自动驾驶系统测试实习生               | 
  [ 40分]                 | 自动驾驶系统实习生                 | 
  [ 40分]                 | 感知基座模型实习生-【自动驾驶】          | 
  [ 40分] 江苏零浩            | 测试与安全                     | -K
  [ 40分] 软通动力            | 车载测试开发                    | -K
  [ 40分] 外企德科数字          | 大厂开发/测试/算法类（接受应届）         | -K·薪
  [ 40分] 易诚高科            | TBOX测试工程师                 | -K
  [ 40分] 松勤              | 车载测试助教讲师                  | -K
  [ 40分] 西安光脉汇嘉          | 智驾安全员                     | -K
  [ 40分] 万科物业            | 自动驾驶测试/短期6个月              | -K
  [ 40分] 经纬恒润            | 自动驾驶数据分析工程师               | -K
  [ 40分] 天津号易莱网通信...     | 游戏测试专员，无责底薪+双休，接受小白7K+    | -K
  [ 40分] 天津经纬恒润          | ADAS系统工程师                 | -K·薪
  [ 40分] 中科慧眼            | ADAS算法工程师-主动安全方向          | -K·薪
  [ 40分]                 | adas系统工程师                 | 
  [ 40分] 北京淞江科技有限公司      | 汽车电子工程师                   | -K
  [ 40分] 德力仪器设备          | 光路测试                      | -K
  [ 40分] 凯泽利             | ADAS功能设计开发                | -K
  [ 40分] 瑞立科密            | ADAS仿真工程师                 | -K·薪
  [ 40分] 中环储越            | 测试工程师                     | -K
  [ 40分] 石家庄划划科技         | 自动智能驾驶测试司机很简单.每天5到7小时.    | -K
  [ 40分] 研盟智控            | 测试员                       | -K·薪
  [ 40分] 软通动力            | UAT测试工程师（粤语+简单英文+银行项目）    | -K
  [ 40分] 网新恒天软件          | 测试工程师-外派电力项目              | -K·薪
  [ 40分] 深圳市芯光丰科技        | 生物岛自动驾驶安全员 6-10K 前景好 新趋势  | -K
  [ 40分] 全道科技            | 自动驾驶测试问题分析工程师             | -K
  [ 40分] 人瑞网络科技          | 路测问题分析员-带薪培训              | -K
  [ 40分] 安智杰研发中心         | adas软件开发工程师               | -K
  [ 40分] 与睿创新            | 测试工程师（智能外科方向）             | -K
  [ 40分] 未有科技            | 智能驾驶地图定位工程师               | -K·薪
  [ 40分] 景烁科技            | 自动驾驶标注                    | -K
  [ 40分] 一汽大众            | 助理智能驾驶产品工程师【捷达】           | -K
  [ 40分]                 | 自动驾驶测试工程师                 | 
  [ 40分] 锐明智通科技          | 自动驾驶感知算法实习生               | -元/天
  [ 40分] 明月华炎            | 车载Android（成都）             | -K
  [ 40分]                 | 智能终端测试工程师                 | 
  [ 40分] 北京软通动力云计...     | 座舱软件测试-双休/大厂外包            | -K
  [ 40分] 康明斯天远北京分公司      | 车载测试工程师                   | -K
  [ 40分]                 | 仓储自动化海外项目专员【直管用工】         | 
  [ 40分] 杭州三陆五           | 智驾测试-懂智驾会开车就行             | -K
  [ 40分] 大连致胜科技          | ADAS仿真测试工程师               | -K
  [ 40分] 谱尼              | 汽车热管理测试                   | -K
  [ 40分]                 | 自动驾驶安全员-武汉                | 
  [ 40分] 威盛              | 自动驾驶算法研究实习生               | -元/天
  [ 40分]                 | 自动驾驶安全员                   | 
  [ 40分] 法本              | 鸿蒙测试                      | -K
  [ 40分]                 | 软件测试（智驾 龙岗）               | 
  [ 40分] 佑驾创新            | ADAS项目经理                  | -K
  [ 40分] 美团              | 无人车测试安全员                  | -K
  [ 40分] 同舟技术            | 车载ivi测试                   | -K
  [ 40分] 法本              | 车载测试（仪表、carplay、中控）惠州办公   | -K
  [ 40分] 麦格米特            | 车载驱动器测试工程师                | -K
  [ 40分] 众科聚达            | ID设计师、工业设计师（车载产品）双休       | -K
  [ 40分] 华为终端有限公司        | 车载产品售后技术支持                | -K·薪
  [ 40分]                 | 车载Android开发               | 
  [ 40分]                 | 无人车测试主管                   | 
  [ 40分] 华鑫信息            | 智能座舱功能测试工程师-深圳            | -K
  [ 40分]                 | 产品经理（车载终端）                | 
  [ 40分]                 | Android车载应用开发工程师          | 
  [ 40分]                 | 车载/机器人等新业务拓展专家            | 
  [ 40分]                 | FAE工程师（车载）                | 
  [ 40分] 齐昌网络            | 新能源汽车测试工程师                | -K
  [ 40分] 济南多点聘信息科技       | 自动驾驶测试员+五险一金+双休           | -K·薪
  [ 40分] 米米无忧            | 珠海+智驾测试司机（非网约车）+双休        | -K
  [ 40分] altenchina      | 智能驾驶系统测试工程师-AEB测试         | -K·薪
  [ 40分] 晓枫股份            | 智驾测试工程师                   | -K
  [ 40分] 江苏湿曼电器科技集团      | 测试员                       | -K
  [ 40分]                 | 智驾测试【外企+统本+英语】            | 
  [ 40分] 苏州智惟科技          | 车辆测试工程师                   | -K
  [ 40分]                 | 总线测试工程师                   | 
  [ 40分] 北京软通动力云计...     | 车载测试                      | -K
  [ 40分] Momenta         | 自动驾驶系统研发实习                | -元/天
  [ 40分] 传音控股            | 交付测试工程师（充电方向）             | -K
  [ 40分] 东信创智            | 整车网络通信测试工程师               | -K
  [ 40分] 上海悦行合肥分公司       | 重庆自动挡国企平台驾驶员              | -K
  [ 40分] 长线智能            | 自动驾驶数据采集                  | -K·薪
  [ 40分] 长线智能            | 自动驾驶数据采集                  | -K·薪
  [ 40分]                 | 自动驾驶可视化产品实习生              | 
  [ 40分] 上海思芮            | 系统测试工程师-座舱测试-统招专及以上       | -K
  [ 40分] 传音通讯技术          | 软件测试实习生                   | -元/天
  [ 40分] 芯知科技            | 车载语音/座舱测试PM               | -K
  [ 40分] 爱回收             | 本地六险一金/店铺测试师/就近分配/社保      | -K
  [ 40分] 重庆渝逗人工智能科技      | AI软件测试工程师                 | -K
  [ 40分] 康硕电气            | 三坐标测试员                    | -K
  [ 40分] 传音控股            | 温升测试员                     | -K
  [ 40分] 上海思芮            | 车载系统测试工程师（动力、底盘）          | -K
  [ 40分]                 | 系统测试工程师（汽车项目）             | 
  [ 40分] 奇安信集团           | 渗透测试工程师（驻场）-重庆            | -K
  [ 40分] 鑫源汽车有限公司        | 辅助驾驶工程师                   | -K·薪
  [ 40分] 赛力斯汽车           | 智能驾驶产品工程师（泊车/行车）          | -K
  [ 40分]                 | 自动化实施                     | 
  [ 40分]                 | 自动驾驶规控算法工程师               | 
  [ 40分]                 | 实施测试工程师                   | 
  [ 40分]                 | 自动驾驶测评体系研究工程师             | 
  [ 40分]                 | 自动驾驶端到端模型算法研究员 (MJ001250) | 
  [ 40分]                 | OTA测试工程师（base宁波，吉利）       | 
  [ 40分] 重庆蓝思晨科技         | 车载ai数据标注                  | -K
  [ 40分]                 | 车载 Android 开发工程师（网联）      | 
  [ 40分] 华苏科技            | 车载系统测试工程师                 | -K
  [ 40分] 深圳市锐明技术         | 算法测试实习生(J12476)           | -元/天
  [ 40分] 中联重科            | 农机智能驾驶测试工程师               | -K·薪
  [ 40分] 深圳市锐明技术         | 算法测试实习生(J12473)           | -元/天
  [ 40分] 湖南立中科技          | 智能驾驶测试部长                  | -K
  [ 40分]                 | 智能机器人硬件及嵌入式产品测试实习         | 
  [ 35分] 北京时迅顺达科技        | 数据采集员                     | -K
  [ 35分] 中汽研上海           | 车联网安全工程师                  | -K
  [ 35分] 上海驿川供应链管理       | 认证工程师+（WIFI+BT）           | -K
  [ 35分] 广电计量            | 智能网联汽车测试工程师               | -K
  [ 35分] 法本              | 实车测试（有NOA经验）              | -K
  [ 35分] 北京软通动力云计...     | 道路测试工程师                   | -K
  [ 35分] 中软国际            | 车载测试/python自动化测试*13薪+线上面试 | -K
  [ 35分] 中科创达            | ADAS 测试工程师                | -K
  [ 35分] 北京汽车            | ADAS系统工程师                 | -K
  [ 35分] ARRK Engineering | ADAS Testing Engineer     | -K·薪
  [ 35分] 流马锐驰            | adas系统工程师                 | -K·薪
  [ 35分] 符代企业管理咨询...     | 测试工程师（整车测试）               | -K
  [ 35分] 江苏优闼数据科技...     | 楼宇测试工程师                   | -K
  [ 35分] 四川人瑞            | 测试标定工程师（台架搭建 实车测试）        | -K
  [ 35分] 中科创达            | 实车测试工程师（泊车方向）(A221685)    | -K
  [ 35分] 雄狮科技            | 车载测试工程师（实车测试）             | -K·薪
  [ 35分] 安徽克莱因信息技...     | 车辆测试工程师                   | -K
  [ 35分] 晟拓              | 智能驾驶路测工程师                 | -K
  [ 35分] 构尔汽车            | 实车测试工程师                   | -K
  [ 35分] 上海华驿汽车技术公司      | 车载测试—车身域控/智能座舱（合肥）        | -K
  [ 35分] 迈思信息            | 车载测试（经理）                  | -K
  [ 35分] 上海翼锐汽车科技        | 车载测试工程师-座舱or车控            | -K
  [ 35分] 沐澜科技            | zcu控制器实车测试工程师             | -K
  [ 35分] 武汉克莱蒙特科技技术      | AP自动泊车测试工程师               | -K
  [ 35分] 北京真蓝无限科技        | 智能驾驶路测工程师                 | -K·薪
  [ 35分] 广州市维客电子科技       | 实车测试工程师【靠近地铁+有食堂+双休】      | -K
  [ 35分] 深圳漫奢生物科技        | 车载测试-中控仪表                 | -K
  [ 35分]                 | 测试工程师（黄埔）                 | 
  [ 35分] 东信创智            | 车身域HIL测试                  | -K
  [ 35分] polelink        | 车身域控测试工程师                 | -K
  [ 35分]                 | 基础技术测试岗                   | 
  [ 35分]                 | 测试岗                       | 
  [ 35分]                 | 测试工程师（驻场农行+现场面试）          | 
  [ 35分] 京东世纪贸易有限公司      | 自动驾驶车辆运维工程师               | -K·薪
  [ 35分] 慧博云通            | 测试工程师（粤语 UAT 短期项目）        | -K
  [ 35分] 拓保软件            | 嵌入式软件测试工程师                | -K
  [ 35分] 程星通信            | 天线测试工程师                   | -K·薪
  [ 35分] 榆林飞火轮汽车服务       | 榆林无人驾驶测试工程师两小时两百自带小车      | -K
  [ 35分] 银兴科技            | 实车测试                      | -K
  [ 35分] 海橘              | 实车测试                      | -K
  [ 35分] 奇瑞汽车            | 车身控制器实车测试                 | -K·薪
  [ 35分] 长沙行深智能科技...     | 实车测试工程师                   | -K
  [ 35分] 长城汽车            | 系统测试工程师                   | -K
  [ 35分] auskey          | 车载语音测试工程师-成都              | -K
  [ 35分] 信必优Symbio       | 测试工程师（LINUX+C+视频编解码/驱动）   | -K·薪
  [ 35分] 伟博科技            | ADAS集成测试工程师               | -K
  [ 35分] 博世中国 / 集团       | ADAS HIL仿真测试工程师_BCSC      | -K·薪
  [ 35分] 虹软科技            | ADAS系统工程师（测试方向）           | -K
  [ 35分]                 | 无人驾驶算法工程师                 | 
  [ 35分] 中科创达            | 车载测试工程师（base宁波）           | -K
  [ 35分] 极目智能|智能驾驶       | 车载测试工程师                   | -K
  [ 35分] 克莱蒙特            | 智能驾驶仿真测试工程师               | -K
  [ 35分] 湖北方驰英才教育科技      | 车载测试讲师                    | -K
  [ 35分]                 | 车载测试工程师（短期）               | 
  [ 35分] 聚才云途            | 智能驾驶系统行车和泊车测试             | -K
  [ 35分] 润芯微             | 实车测试工程师（渗透测试、整车合规测试）      | -K
  [ 35分] 北京简精科技有限公司      | 实车测试工程师                   | -K
  [ 35分] 优创亿科技有限公司       | 初级测试工程师                   | -K
  [ 35分]                 | 初级测试工程师                   | 
  [ 35分] 众鸿科技            | 测试工程师（车载）                 | -K
  [ 35分] 深德科             | 飞行测试（大厂双休）                | -K
  [ 35分]                 | 内招C1自动挡驾驶员 工资周结           | 
  [ 35分] 罗宾艾克斯           | 自动驾驶系统工程师                 | -K·薪
  [ 35分] 深圳市鸿源瑞投资企业      | 半挂车驾驶员                    | -K
  [ 35分]                 | 测试工程师（机器人方向）              | 
  [ 35分]                 | 运维工程师（无人驾驶领域）             | 
  [ 35分] 芯动力             | 测试助理（实习生)                 | -元/天
  [ 35分] 未来机器人（深圳...     | 测试工程师（出差合肥）               | -K
  [ 35分] 海橘              | 实车测试工程师                   | -K
  [ 35分]                 | 光学测试工程师                   | 
  [ 35分] 海橘              | demo实车测试（英语）              | -K
  [ 35分] 道通科技            | 实车测试工程师                   | -K
  [ 35分] 广州千棠科技有限公司      | 智能驾驶测试工程师助理(六险二金)         | -K
  [ 35分] 智达诚远            | 座舱车载测试（吉利项目）-不背调          | -K
  [ 35分] 深圳快点见           | AI实习生（车载数字钥匙协议方向）         | -K
  [ 35分] 上海思芮            | 系统测试（座舱/车控/adas/ota/动力等）  | -K
  [ 35分]                 | 车载测试培训讲师                  | 
  [ 35分] 重庆小猿科技有限公司      | 车载测试讲师                    | -K
  [ 35分] 道通科技            | 实车测试工程师                   | -K
  [ 35分] 马士兵(北京)教...     | 车载测试讲师                    | -K
  [ 35分] 五号智能            | 车辆测试工程师                   | -K·薪
  [ 30分] 慧图科技            | 数据采集员（北京/上海）              | -K
  [ 30分] 君色文化传播          | 照片数据采集员                   | -K
  [ 30分] 常州市阳成信息科技       | 无人智能驾驶安全采集数据员             | -K
  [ 30分] 常州市阳成信息科技       | 无人智能驾驶安全采集数据员             | -K
  [ 30分]                 | 数据采集                      | 
  [ 30分] 深圳市大德众和科技       | 通辽农业地图数据采集                | -元/天
  [ 30分] 畅云创客            | 动捕数据采集专员                  | -元/天
  [ 30分] 泛星科技            | 大学生兼职数据采集员—图书馆书店等         | -元/时
  [ 30分] 上海橘盈科技有限公司      | 发动机标定采集工程师                | -K
  [ 30分]                 | 机器人数据采集-缴纳五险一金            | 
  [ 30分]                 | 具身机器人数据采集                 | 
  [ 30分]                 | 车载语音测试                    | 
  [ 30分] 斑马智能            | 车载语音测试                    | -K
  [ 30分] 零起              | v2x仿真测试工程师                | -K
  [ 30分]                 | 台架测试员                     | 
  [ 30分] 珩渥检测            | 检测认证工程师                   | -K
  [ 30分] 舟迹              | 认证专员                      | -K
  [ 30分] 擎朗智能            | 机器人认证测试实习生                | -元/天
  [ 30分] TUV莱茵           | 高低压-设配电-检测认证工程师           | -K·薪
  [ 30分] 兴宝检测            | 检测认证测试工程师                 | -K
  [ 30分] 华为              | 【实习】硬件测试开发工程师             | -元/天
  [ 30分] 上海吾创            | ADAS数据分析                  | -K
  [ 30分] 天津美芒信息科技        | 电子电器测试工程师 (电性能测试)         | -K
  [ 30分] 上海翼锐汽车科技        | adas标定测试工程师               | -K
  [ 30分] 广电计量            | 智能网联汽车测试工程师               | -K
  [ 30分] 微创软件            | 现场测试员                     | -K
  [ 30分] 讯锡科技            | 车载测试 江浙沪有岗 外包大厂           | -K
  [ 30分] 火熠              | 车载测试开发                    | -K
  [ 30分] 奇瑞汽车股份有限公司      | 自动/智能驾驶测试工程师              | -K·薪
  [ 30分] 中软国际            | 车载测试接受项目助理岗               | -K
  [ 30分] 爱荔枝             | 车载测试兼职                    | -元/时
  [ 30分]                 | 车载测试工程师（驻场宁波吉利）           | 
  [ 30分]                 | 车载测试工程师（车身）               | 
  [ 30分] 华为              | 车载测试                      | -K
  [ 30分] 润和软件            | 车载测试工程师                   | -K
  [ 30分] 华为技术有限公司        | 智能驾驶软件/硬件/底软BSP测试测试岗位     | -K
  [ 30分] 中科创达软件          | 智能驾驶FAE工程师（base深圳）(A49599 | -K
  [ 30分] 远峰科技            | 辅助驾驶系统模型工程师               | -K
  [ 30分] 恩创科技            | 测试组长（五金压铸行业）              | -K
  [ 30分] 长城汽车            | 辅助驾驶测试工程师                 | -K·薪
  [ 30分] 滴滴              | 27届秋储-商业分析-自动驾驶 (MJ017834 | -元/天
  [ 30分] 法本              | 车载测试（问题分拣）双休-三班 有夜班补贴     | -K
  [ 30分]                 | 无人驾驶算法运维工程师               | 
  [ 30分] 福瑞股份            | 自动驾驶系统工程师                 | -K·薪
  [ 30分] 理想汽车            | 【非正岗】地图导航软件测试             | -K
  [ 30分] 上海瑞应            | 热管理空调测试标定工程师（台架 + 实车）     | -K
  [ 30分] 河南天炯信息科技        | 车载功能测试（五险一金/可接受应届生）       | -K·薪
  [ 30分] 人瑞网络科技          | 车载测试-车机安卓方向-长城外包-统招学历     | -K
  [ 30分] 杭州真至数智科技公司      | 车载测试（北京短期）                | -K
  [ 30分]                 | 车载小爱产品实习                  | 
  [ 30分]                 | 车载系统测试实习生                 | 
  [ 30分] 四川星河智略网络科技      | 车载测试工程师                   | -K
  [ 30分] 成都学到职业技能培训      | 整机/车载测试讲师                 | -K
  [ 30分] 博为峰             | IT培训讲师（有车载测试/游戏测试经验）      | -K·薪
  [ 30分]                 | 蓝牙/车载测试专家                 | 
  [ 30分] 魏桥新能源汽车         | 智能驾驶测试工程师                 | -K
  [ 30分]                 | 车载测试助教                    | 
  [ 30分]                 | 智能驾驶测试工程师                 | 
  [ 30分] 北京经创聚源          | ADAS HIL自动化测试工程师          | -K
  [ 30分] 宁橡新能源汽车电子       | ADAS 整车集成测试               | -K
  [ 30分] 勒炫              | 辅助驾驶测试                    | -K
  [ 30分] 长城汽车            | 智能辅助驾驶系统工程师               | -K
  [ 30分] 吉利研究院           | ADAS系统工程师                 | -K
  [ 30分] 四川省才佑科技         | 智能驾驶测试工程师+双休+五险一金         | -K
  [ 30分] 光庭              | 智能座舱测试工程师                 | -K
  [ 30分] 深圳智力电源有限公司      | 车载测试（base武汉）              | -K
  [ 30分] 岱思              | 车载多媒体主机（FM收音）测试员          | -K
  [ 30分]                 | 通信测试工程师                   | 
  [ 30分] 华苏科技            | 智驾动力测试                    | -K
  [ 30分] 古猿科技            | 诊断车载测试                    | -K
  [ 30分] 犀重汽车            | 智驾标定测试工程师                 | -K
  [ 30分] 长春风火轮科技         | 车载测试工程师-                  | -K
  [ 30分] 成都翼创雷行智能科技      | 【校招】车载Java后端开发            | -K
  [ 30分]                 | 整车功能测试工程师                 | 
  [ 30分] 软通动力            | 华为MDC智能驾驶专家               | -K
  [ 30分] 凯翼汽车            | 智能驾驶（零部件及系统开发）            | -K·薪
  [ 30分] 鑫达软件            | 测试工程师                     | -K
  [ 30分] 鑫达软件            | 测试工程师                     | -K
  [ 30分] 上海铮旗信息          | 功能测试                      | -K
  [ 30分] 华坤检测            | 金属材料测试工程师                 | -K
  [ 30分] 艾舜光电            | 研发测试技术员                   | -K·薪
  [ 30分] 上海悦行合肥分公司       | 无锡国企自动挡驾驶员                | -K
  [ 30分] 无锡黑骑士科技         | 电动车测试工程师（二轮车）             | -K
  [ 30分] 中科芯             | 测试员                       | -K
  [ 30分] 上海铮旗信息          | 车载功能测试（线上面试）              | -K
  [ 30分] 洛世达             | 服装测试专员                    | -K·薪
  [ 30分] 中科芯             | 测试员                       | -K
  [ 30分]                 | 电芯测试技术员                   | 
  [ 30分] 无锡宇宁科技          | 测试技术员                     | -K·薪
  [ 30分]                 | 测试技术员（需倒班）                | 
  [ 30分]                 | 测试工程师（labview)            | 
  [ 30分] 武汉光庭            | Android开发工程师（车载）          | -K
  [ 30分] 无锡凡特            | 车载仪表/3D/车控应用开发工程师         | -K
  [ 30分] 伟博科技            | 车载网络通讯诊断测试                | -K
  [ 30分]                 | 车载系统性能                    | 
  [ 30分]                 | 安卓开发工程师（可无车载经验，多个方向）      | 
  [ 30分] 卓云智能科技          | 车载控制器Bootloader软件开发工程师    | -K
  [ 30分]                 | Cp测试工程师                   | 
  [ 30分] 杭州佬虎钳科技发展       | 自动驾驶数据标注项目经理              | -K
  [ 30分] 上海递归未来网络科技      | 智驾功能测试工程师-实车              | -K
  [ 30分] 中科创达            | 车载测试工程师-DHU               | -K
  [ 30分] 法本              | 测试工程师（动力域、DHU、整车集成）       | -K
  [ 30分] 承影科技            | 车载仪表测试（仪表模块 不背调 但统招）      | -K
  [ 30分] 中科创达            | 车载测试（座舱/实车/台架）            | -K
  [ 30分] 虹软科技            | 智能车载测试项目经理                | -K
  [ 30分]                 | 智能驾驶测试工程师                 | 
  [ 30分] 法本              | 急急急急急智能驾驶功能安全与信息安全测试      | -K
  [ 30分]                 | 智能驾驶测试售后支持工程师             | 
  [ 30分]                 | 无人驾驶安全员                   | 
  [ 30分] 东风汽车            | 智能驾驶与座舱-东风汽车研发总院          | -K
  [ 30分] 深圳漫奢生物科技        | 车载测试（中控、仪表、tbox都要人）       | -K
  [ 30分] CLPS华钦软件        | 车载测试工程师-国内项目-长期项目         | -K
  [ 30分] 深圳维勤技术咨询        | 车载测试工程师（中控/仪表/T-box）      | -K
  [ 30分] 中软国际            | 车载测试（座舱方向）+武汉             | -K·薪
  [ 30分] INTEST          | 车载测试工程师（驻场）               | -K
  [ 30分]                 | 车载测试助教|上市大厂稳岗双休不加班        | 
  [ 30分] 她趣信息技术有限公司      | 测试校招生                     | -K·薪
  [ 30分] 深圳市锐明技术         | 软件测试实习生（深圳）(J12322)       | -元/天
  [ 30分] 聚星智能            | 外协半导体测试技术员（非标自动化）         | -K
  [ 30分]                 | 测试开发工程师                   | 
  [ 30分] 四川省才佑科技         | 智能驾驶测试员/17薪/五险一金          | -K
  [ 30分] 三一海洋重工有限公司      | 智能驾驶算法工程师（感知方向）           | -K·薪
  [ 30分] 上海嘉驰信息技术咨询      | 车载语音测试-语义测试经验-短期三个月       | -K
  [ 30分]                 | TPM(智能驾驶)                 | 
  [ 30分] 陕西方驰教育科技        | 车载测试讲师                    | -K
  [ 30分] 欧菲车联            | 车载测试授课老师                  | -K
  [ 30分] 中软国际            | 车载测试                      | -K
  [ 30分] 长线智能            | 智能驾驶软件测试工程师               | -K·薪
  [ 30分]                 | 智能汽车测试安全员                 | 
  [ 30分] 赛力斯汽车           | 问界-车载测试                   | -K·薪
  [ 30分]                 | 车载测试工程师助理                 | 
  [ 30分] 中软国际            | 车载测试（五险一金双休）              | -K
  [ 30分] 纬致科技上海          | 自动化车载测试                   | -K
  [ 30分] 重庆君歌电子科技        | 光学工程师（车载摄像头）              | -K·薪
  [ 30分] 湖南秒数分软件科技       | 学徒车载测试工程师                 | -K
  [ 30分] 宏宇职业培训          | 车载测试培训师                   | -K
  [ 25分] 科络达云软件技术...     | 车联网项目经理（车载OTA项目）          | -K
  [ 25分] 上海礼聪            | 车联网-TSP/T-BOX- DRE        | -K
  [ 25分] Intertek天祥集团    | 认证工程师-电子电气                | -K·薪
  [ 20分] 春田信息            | 机器人采集                     | -K
  [ 20分] 上海友衷            | 车联网功能开发工程师                | -K
  [ 20分]                 | linux测试工程师                | 
  [ 20分]                 | 车载底层测试                    | 
  [ 15分] ZD              | 智能座舱测试工程师                 | -K
  [ 15分] 武汉讯锡云科技         | 保险测试                      | -K
  [ 10分] 博坦德上海           | 导航与车联网验证测试工程师             | -K·薪
  [ 10分] 芜湖正驰汽车科技        | Android开发工程师（车联网方向）       | -K
  [ 10分] 全晓信息            | 智能网联项目经理（车联网、智能座舱）        | -K
  [ 10分] 众鼠科技            | 车联网全栈开发工程师（C++/Java）      | -K
  [ 10分]                 | 台架测试                      | 
  [  5分] 天津智创新业科技        | 车载网络诊断测试                  | -K
  [  5分] 西图盟             | 充电系统测试                    | -K
  [  5分]                 | 车身域测试                     | 
  [  5分] 储融检测            | 项目认证工程师                   | -K·薪
  [  5分] 上海安诺尔认证服务       | 安诺尔认证事业部总经理（认证检测）         | -K·薪

  ❌ 失败 1 个:
  - 辅助驾驶测试工程师 → 
与页面的连接已断开。
版本: 4.1.1.4

📄 报告已生成: /Users/liuwendi/projects/job-hunter/data/reports/report_2026-06-18_1122.html
📊 生成报告...

╔══════════════════════════════════════╗
║  🤖 Job Hunter — 2026-06-18 11:22  ║
╠══════════════════════════════════════╣
║  平台: Boss直聘                         ║
║  城市: 深圳, 上海, 广州, 北京, 武汉      ║
║  搜索词: 智驾测试, ADAS测试, 自动驾驶测试  ║
║  浏览: 2818 岗 | 投递: 680 岗 | 跳过: 2138 岗 ║
╚══════════════════════════════════════╝

  ✅ 所有投递记录（按评分降序）:
  [100分] 麓测科技            | adas测试工程师                 | -K
  [100分] 上海星光瀚澜智能科技      | 智能驾驶路测工程师                 | -K·薪
  [ 85分] 智驾新程            | 智能驾驶实车测试实习生(A44172)       | -元/天
  [ 85分]                 | 实习生（智驾测试场景标注）             | 
  [ 80分]                 | 智能驾驶测试实习技师（27届）           | 
  [ 80分] 鸿灌              | 自动驾驶测试工程师                 | -K·薪
  [ 75分] 零一汽车            | 自动驾驶路测与运维工程师              | -K·薪
  [ 70分] 中软国际            | 数据采集组长-现场面试（急）            | -K
  [ 70分] 浙江无界矩阵科技        | 车辆测试经理                    | -K
  [ 70分] 特斯拉 Tesla       | 智驾测试（实车测试）技师 - 广州         | -K
  [ 70分] 广州玉团网络科技        | 自动驾驶数据标注员                 | -元/天
  [ 70分] 东软集团            | 座舱智驾测试工程师                 | -K
  [ 70分] 上海秉辙科技有限公司      | 智驾测试工程师                   | -K
  [ 70分] 上海礼聪            | 智驾测试-上海                   | -K
  [ 70分] 软通动力            | 车载测试                      | -K
  [ 70分] 德赛西威            | 实车测试工程师（行车）               | -K
  [ 70分] 上海礼聪            | 智驾实车测试-苏州-线上面试            | -K
  [ 70分] 深圳市锐明技术         | L4自动驾驶算法测试实习生             | -元/天
  [ 70分] 创睿连科(大连)科技      | 车辆测试工程师                   | -K
  [ 70分] 江苏大块头智驾科技       | 实车测试工程师                   | -K
  [ 70分] 北路智控            | 智能驾驶测试工程师                 | -K·薪
  [ 70分] 四川星河智略网络科技      | 车载测试工程师                   | -K
  [ 70分] 邢台佰纺网络科技        | AI自动驾驶测试驾驶员               | -K
  [ 70分] 苏州优控智行          | ADAS辅助驾驶标定                | -K
  [ 70分]                 | 测试实习生                     | 
  [ 70分] 法本信息            | 自动驾驶安全员/路测-17薪+双休+六险一金    | -K
  [ 70分]                 | 道路自动行驶车辆测试员 工作轻松 五险一金     | 
  [ 70分] 上海鑫芯堂科技         | 智能驾驶测试工程师（adas)           | -K
  [ 70分] 理想科技            | adas测试                    | -K
  [ 70分] 软通动力            | 智驾测试                      | -K
  [ 70分] 上海礼聪            | 实车测试（demo演示）-base苏州-线上面试  | -K
  [ 70分] 长沙行深智能科技...     | 实车测试工程师                   | -K
  [ 70分] 华苏科技            | ADAS实车测试                  | -K
  [ 70分] 邓州市灵尧销售经...     | 车载测试工程师                   | -K·薪
  [ 70分] 源柏科技            | ADAS测试工程师                 | -K·薪
  [ 70分] 普华基础软件          | 车载网络测试工程师                 | -K·薪
  [ 70分] 成都天软信息          | 车载测试工程师                   | -K
  [ 70分] 福瑞泰克            | ADAS功能开发实习生               | -元/天
  [ 70分] 浙江零跑科技          | 智能驾驶行车测试工程师-实车            | -K·薪
  [ 70分] 科络达云软件技术...     | 实车测试工程师                   | -K
  [ 70分] 湖北方驰英才教育科技      | 车载测试讲师                    | -K
  [ 70分] 宽凳智云科技          | 自动驾驶道路测试工程师               | -K
  [ 70分] 瞬联科技            | 智能驾驶数据算法工程师（ADAS ）        | -K
  [ 70分] 斯路森工程技术         | ADAS测试工程师                 | -K
  [ 70分] 宸控智新            | 智能驾驶测试工程师                 | -K
  [ 70分] 迈思信息            | ADAS测试（英语口语）              | -K
  [ 70分] 中慧智安            | 自动驾驶路测数据处理工程师---急招        | -K
  [ 70分] 江苏中汽院汽车工...     | 智能驾驶测试工程师（重庆）             | -K
  [ 70分] 赛力斯汽车           | 智驾测试工程师                   | -K·薪
  [ 70分] 中软国际            | 车载测试（加班费）                 | -K
  [ 65分] SFS             | 车联网测试工程师                  | -K
  [ 65分] 全道科技            | 自动驾驶测试打点员（智驾大厂+单人单车）      | -K
  [ 65分] 上汽大通            | 智能驾驶测试工程师                 | -K·薪
  [ 65分] 地平线             | 智能驾驶系统测试工程师(实车方向)         | -K·薪
  [ 65分] 上海礼聪            | 实车测试（demo演示）-base苏州-线上面试  | -K
  [ 65分] 中软国际            | 车载测试（线上面试+全额公积金）          | -K
  [ 65分] 德国电信咨询          | adas测试工程师                 | -K·薪
  [ 65分]                 | 自动驾驶测试工程师                 | 
  [ 65分]                 | 车载测试工程师                   | 
  [ 65分] 极豆车联网           | 实车测试工程师（泊车）               | -K
  [ 65分]                 | 实车测试工程师-实车测试&app测试        | 
  [ 65分] 米米无忧            | 自动驾驶测试员（路测司机/地援）双休        | -K·薪
  [ 65分] 信必优             | 自动驾驶测试工程师                 | -K
  [ 65分] 汇英科技有限公司        | 汽车智能驾驶AP系统测试工程师（双休）       | -K
  [ 65分]                 | 测试工程师（26届校招）              | 
  [ 65分] 辉粤              | 招聘无人驾驶测试安全员五险一金包吃         | -K
  [ 65分] 东信创智            | ADAS测试工程师                 | -K
  [ 65分] 启强科技            | 实车测试                      | -K·薪
  [ 65分] 成都锦程智行智能技术      | 自动驾驶测试工程师                 | -K
  [ 65分] 上海礼聪            | 智驾实车测试-苏州岗位-线上面试          | -K
  [ 65分] 纬致芯创科技          | 车载测试-长期稳定                 | -K
  [ 65分] 飞天舟             | 车载测试工程师（Base:惠州，视频面试）     | -K
  [ 65分] 软通动力            | 海外自动驾驶路测工程师               | -K
  [ 65分] 理想科技            | 智能驾驶工程师                   | -K
  [ 65分] 软通动力            | 海外自动驾驶路测工程师               | -K
  [ 65分]                 | 深圳-自动驾驶安全员[6k-8k]五险一金     | 
  [ 65分] 润芯微             | 数据采集测试员（空间智能）             | -K
  [ 65分] 深圳市锐明技术         | 自动驾驶决策规划实习/校招             | -元/天
  [ 60分] 迅仿              | 自动驾驶测试工程师                 | -K·薪
  [ 60分] 苏州聚功匠科技         | 机器人数据采集                   | -K
  [ 60分] 杭州谨通信息科技        | 上海数据采集（小白实习生都能做，200一天     | -元/天
  [ 60分] 北京软通动力云计...     | 27届实习岗位-数据采集              | -元/天
  [ 60分] 中软国际            | 数据采集组长-现场面试（急）            | -K
  [ 60分] 上海赛赛汽车          | ADAS测试（APA泊车方向）驻浦东长期项目    | -K
  [ 60分] 上海士方科技          | adas测试工程师                 | -K
  [ 60分] 上海士方科技          | adas测试工程师                 | -K
  [ 60分] 智驾新程            | 德国实车测试工程师-行泊方向            | -K
  [ 60分] 柯莱特集团           | BMS测试工程师（实车测试）            | -K
  [ 60分] 克莱蒙特            | ADAS实车测试                  | -元/时
  [ 60分] 极氪汽车            | [急招][实习生]车载软件测试工程师        | -元/天
  [ 60分] 沈阳美欧迪汽车技术       | 车载测试工程师                   | -K
  [ 60分] NIO蔚来           | 智能辅助驾驶算法评测实习生             | -元/天
  [ 60分]                 | 随时到岗I车载测试实习生I不卡学校I亦庄      | 
  [ 60分] 上海翼锐汽车科技        | adas测试工程师 外派安徽大众          | -K
  [ 60分] 安徽佳通乘用子午...     | 实车测试工程师                   | -K
  [ 60分]                 | 车载测试                      | 
  [ 60分] 版石软件(上海)        | 测试-ADAS辅助驾驶系统-对日企业        | -K
  [ 60分] 晓枫股份            | 智驾测试工程师                   | -K
  [ 60分] 中瓴智行            | 车载测试实习                    | -元/天
  [ 60分] 晓枫股份            | 智驾测试工程师                   | -K
  [ 60分] 清华大学应用研究院       | 产品经理实习生（自动驾驶/具身智能方向）      | -元/天
  [ 60分] 铮旗信息            | 车载测试                      | -K
  [ 60分]                 | 测试 实习生                    | 
  [ 60分] 伟博科技            | 匹配测试工程师（应届生）              | -K·薪
  [ 60分]                 | 智能驾驶底层软件测试工程师_BCSC        | 
  [ 60分] 零跑科技            | adas测试工程师                 | -K·薪
  [ 60分] 西图盟             | 智能驾驶测试工程师                 | -K
  [ 60分] 德中电子科技          | ADAS测试工程师                 | -K
  [ 60分] 纬致芯创科技          | 车载测试工程师（一轮面试，年后入职）        | -K
  [ 60分] ZD              | 车载测试（多个方向）                | -K
  [ 60分]                 | 自动驾驶测试工程师                 | 
  [ 60分] 曹操出行            | 测试工程师                     | -K·薪
  [ 60分] 神州信息            | 性能测试                      | -K
  [ 60分] altenchina      | 车载测试工程师(仪表/统本)            | -K·薪
  [ 60分] 河南比卢信息科技        | 初级车载测试工程师（应届生可投/晋升情绪      | -K
  [ 55分] 伯镭科技            | 自动驾驶测试工程师                 | -K
  [ 55分] 采埃孚亚太集团有...     | ADAS实车测试工程师               | -K·薪
  [ 55分] 佳众诚新能源          | 测试工程师/新能源电池储能行业/接受应届生     | -K
  [ 55分]                 | 实车测试专家（Tech Lead）         | 
  [ 55分] 微创软件            | 车载测试（语音助手）工程师             | -K
  [ 55分] 软通动力            | 车载测试分析工程师                 | -K
  [ 55分] 中软国际            | 车载测试工程师【面试快+全额公积金+双休】     | -K·薪
  [ 55分]                 | 车载电源软件实习生(A46780)         | 
  [ 55分] 吉利研究院           | adas测试工程师                 | -K
  [ 55分] 润和软件            | 车载测试（核验社保）                | -K
  [ 55分] 润和软件            | 车载测试工程师（ota/t-box）        | -K
  [ 55分] 虹潭岭             | 智驾测试                      | -K
  [ 55分] 晟拓              | 智驾测试项目经理                  | -K
  [ 55分] 摩太科技            | 车载测试                      | -K
  [ 55分] 行展软件            | 车载测试工程师                   | -K
  [ 55分] 雅迅智联            | 车载测试工程师（江淮驻厂）             | -K
  [ 55分] 上海众诚汽车工程技术      | 高阶智驾测试工程师                 | -K
  [ 55分] ZD              | 车载测试（车身）                  | -K
  [ 55分] 广汽集团            | 智驾测试工程师                   | -K·薪
  [ 55分] 纬致科技北京          | 实车测试工程师                   | -K
  [ 55分]                 | 车载测试                      | 
  [ 55分] 纬致芯创科技          | 车载测试工程师（小鹏）               | -K
  [ 55分] 小鹏汇天            | 车载测试（车机HIL方向）             | -K·薪
  [ 55分] 东信创智            | adas测试工程师                 | -K
  [ 55分] 骏玖电子            | 座舱智驾测试工程师                 | -K·薪
  [ 55分] 极豆车联网           | 实车测试工程师（泊车方向）             | -K
  [ 55分] 中软国际            | 车载测试工程师                   | -K
  [ 55分] 信必优Symbio       | 急招车载测试【尽快到岗，需有3年驾龄】       | -K
  [ 55分] 飞天舟             | 车载测试工程师（线上面试）             | -K
  [ 55分] 成都天软信息          | 车载测试工程师                   | -K
  [ 55分]                 | 座舱智能体 智能驾驶 大模型开发 AI特性     | 
  [ 55分] 虹软科技            | 自动驾驶产品经理实习生（可转正）          | -元/天
  [ 55分] 云兆智联            | 智能驾驶仿真测试                  | -K
  [ 55分] 京东物流            | L4智驾测试                    | -K·薪
  [ 55分] 卓驭              | 车载测试工程师                   | -K·薪
  [ 55分] 北京和川智远科技        | 自动驾驶路测工程师                 | -K
  [ 55分] 太仓艾博科智能科技       | adas测试助理工程师               | -K·薪
  [ 55分] 法本              | 车载测试工程师                   | -K
  [ 55分] 苏州方寸智能科技        | 机器人开发测试实习生                | -元/天
  [ 55分]                 | 机器人测试负责人                  | 
  [ 55分]                 | 车载测试负责人                   | 
  [ 55分] 蚂蚁集团            | （重庆）标注项目运营-智能驾驶方向         | -K·薪
  [ 55分] 华苏科技            | 车载测试工程师                   | -K
  [ 55分] 宁波朱雀汽车科技        | 座舱车载测试讲师                  | -K
  [ 55分] 重庆小猿科技有限公司      | 车载测试讲师                    | -K
  [ 55分]                 | 车载测试开发工程师                 | 
  [ 50分] 中科创达            | 实车测试工程师（自动驾驶）             | -K
  [ 50分] 唐山小豆            | 机器人数据采集员                  | -K
  [ 50分] 煊鋆信息            | 数据采集专员                    | -K
  [ 50分] 集识光年            | 数据采集兼职                    | -元/时
  [ 50分] 比亚迪汽车工业         | 智能驾驶实车测试工程师               | -K
  [ 50分] 智驾新程            | 实车测试工程师                   | -K·薪
  [ 50分] 时代云驰            | 车载测试工程师                   | -K
  [ 50分] 杭州绿石科技创业        | 智驾测试开发工程师                 | -K
  [ 50分] 上海赛赛汽车          | ADAS智驾测试                  | -K
  [ 50分] 法本              | 项目经理（智驾测试经验）              | -K
  [ 50分]                 | 智能驾驶域控系统测试                | 
  [ 50分] 版石软件(上海)        | 车载软件开发测试 (ADAS辅助驾驶--统专)   | -K
  [ 50分] 中科创达            | 自动驾驶测试开发工程师               | -K
  [ 50分]                 | ADAS测试工程师（主动安全测试）         | 
  [ 50分] 上海瑞应人才科技        | 智能驾驶ADAS技术工程师（黑芝麻，好项目）    | -K
  [ 50分]                 | ADAS测试工程师                 | 
  [ 50分] 上海悦行合肥分公司       | 内招C1自动挡驾驶员                | -K
  [ 50分] 纬致科技北京          | L4自动驾驶测试                  | -K
  [ 50分] 克莱蒙特            | ADAS测试工程师                 | -K
  [ 50分] 智驾新程            | adas智能驾驶硬件工程师             | -K·薪
  [ 50分]                 | 车载测试工程师                   | 
  [ 50分] 寅家科技            | 测试实习生                     | -元/天
  [ 50分] 美图公司            | 测试开发实习生（厦门） (MJ002118)    | -元/天
  [ 50分] 杰芯科技有限公司        | 软件测试助理工程师/接受应届无经验         | -K
  [ 50分] 信必优Symbio       | L4自动驾驶测试（数据分析方向）          | -K
  [ 50分] 东信创智            | 车载测试（车身域测试）               | -K
  [ 50分]                 | 诚招！无人汽车驾驶安全员 五险一金 待遇好     | 
  [ 50分] 信必优Symbio       | 自动驾驶道路测试工程师-数据分析/L4/仿真    | -K
  [ 50分] 四川省才佑科技         | 自动驾驶测试员+薪资6k+季度绩效+五险一金    | -K
  [ 50分] 联想懂的通信          | 自动驾驶安全员                   | -K
  [ 50分] 北京能科瑞元有限公司      | 自动驾驶安全员（现场面试）             | -K
  [ 50分] 惠宇科技            | 会开车的来！驾驶安全员测试 五险一金        | -K
  [ 50分]                 | 自动驾驶测试员+双休+五险一金+17薪+黄埔    | 
  [ 50分]                 | 6000+无人汽车驾驶安全员 五险一金工作轻松   | 
  [ 50分] 黑河市易威斯集中...     | 自动驾驶测试                    | -K
  [ 50分] 纬致芯创科技          | ADAS测试工程师（吉利，一轮面试，双休）     | -K
  [ 50分] 同舟技术            | adas测试                    | -K
  [ 50分] 上海橘盈科技有限公司      | Adas实车测试（会开车，全流程测试）       | -K·薪
  [ 50分] 中科创达            | 初级车辆测试（初级技术员）(A13170)     | -K
  [ 50分] 中软国际            | 车载测试工程师                   | -K
  [ 50分] 素医健康            | 车载测试工程师                   | -K
  [ 50分] 北京云万信息科技        | 车载测试工程师                   | -K
  [ 50分] 承影科技            | 车载测试工程师                   | -K
  [ 50分] 璀璨智行            | 实车测试中级工程师                 | -K
  [ 50分] 法本              | 智驾测试（标注）                  | 
  [ 50分] 深圳市锐明技术         | 产品助理实习生-自动驾驶产品(J12457)    | -元/天
  [ 50分]                 | 自动驾驶数据诊断员                 | 
  [ 50分] 全晓信息            | 车载测试（通信 车联网）              | -K
  [ 50分] 软通动力            | 自动驾驶车辆测试员-珠海              | -K
  [ 50分] 斯路森工程技术         | ADAS测试工程师                 | -K
  [ 50分] 上海礼聪            | 智驾实车测试-苏州                 | -K
  [ 50分] 欧冶半导体           | 实车测试工程师（外包）               | -K
  [ 50分] 迈思信息            | ADAS测试工程师（英语可开口）          | -K
  [ 50分] 华苏科技            | 车载测试（全模块）                 | -K
  [ 50分] 上海思芮            | 车载测试（座舱、ota、车控、车身等其他）     | -K
  [ 50分] 深圳市锐明技术         | 算法测试实习生(J12082)           | -元/天
  [ 45分] 几何伙伴智能驾驶        | 自动驾驶测试安全员                 | 
  [ 45分] 辰海智驾测试          | 自动驾驶安全员                   | -K
  [ 45分] 几何伙伴智能驾驶        | L4自动驾驶测试工程师               | -K
  [ 45分] 英特莱汽车           | 智能座舱/辅助驾驶测试【驾驶员】—安全员      | -K
  [ 45分] 苏州数采智联科技        | NOA智驾安全员（上海/深圳/芜湖）        | -K
  [ 45分] 全道科技            | 自动驾驶安全员（车企大厂）             | -K
  [ 45分] 盟识科技            | 自动驾驶测试工程师岗位               | -K
  [ 45分] 文远知行            | 自动驾驶平台开发实习生 (2027届-可转正)   | -元/天
  [ 45分] 上海携玉信息科技        | 数据采集                      | -K
  [ 45分] 上海星途标注科技        | 数据采集兼职                    | -元/时
  [ 45分] 云百讯             | 机器人数据采集专员                 | -K
  [ 45分] 科度信息            | 外业采集员（暑期实习）               | -元/天
  [ 45分] 时代云驰            | 车联网测试工程师                  | -K
  [ 45分] 一汽大众            | adas测试工程师                 | -K
  [ 45分] 软件评测            | adas测试工程师（RCW/SBR）        | -K
  [ 45分] 景烁科技            | 智驾测试量产QA—包三餐+单休           | -K
  [ 45分] 软通动力            | 车载测试                      | -K
  [ 45分] 时代云驰            | 车载测试工程师                   | -K
  [ 45分] 沈阳美欧迪汽车技术       | 车载测试工程师                   | -K
  [ 45分] 哈啰普惠            | 自动驾驶测试工程师/专家（实车测试）        | -K·薪
  [ 45分] 版石软件(上海)        | 车载测试-ADAS-会日语-需要到面        | -K
  [ 45分]                 | 自动驾驶道路测试工程师               | 
  [ 45分] 中科创达            | 车载测试pm(adas)              | -K
  [ 45分]                 | 车载测试                      | 
  [ 45分] 艾尔动力            | ADAS智能驾驶机器人测试工程师          | -K
  [ 45分] 安徽领目            | adas测试工程师                 | -K
  [ 45分]                 | ADAS测试                    | 
  [ 45分] 经纬恒润            | 自动驾驶测试工程师                 | -K
  [ 45分] 重庆软维科技有限公司      | 智能驾驶测试                    | -K
  [ 45分] 宁橡新能源汽车电子       | 智能驾驶 / ADAS 仿真测试工程师       | -K
  [ 45分] 西图盟             | 智能驾驶测试工程师                 | -K
  [ 45分] 西图盟             | 智能驾驶测试工程师                 | -K
  [ 45分] 吉利研究院           | 智能驾驶测试【外包岗位】              | -K
  [ 45分] 西图盟             | 智能驾驶测试工程师                 | -K
  [ 45分]                 | 智驾测试工程师                   | 
  [ 45分] 济让              | 车载测试工程师（吉利外协）             | -K
  [ 45分]                 | 智能驾驶测试工程师 (智能驾驶测试)        | 
  [ 45分] 孔像汽车            | 自动驾驶测试工程师                 | -K
  [ 45分]                 | 智能驾驶安全员                   | 
  [ 45分] 启强科技            | 智驾测试                      | -K
  [ 45分] 骏玖电子            | 座舱智驾测试工程师                 | -K·薪
  [ 45分] 埃科汽车            | 智驾测试工程师+双休+五险一金           | -K·薪
  [ 45分] 允皓智能            | 海珠 智能驾驶测试 五险一金 包吃         | -K
  [ 45分] 宇莱智能科技          | 自动车辆测试安全员 五险一金 5-9K 福利多   | -K
  [ 45分] 沈阳职通未来信息技术      | 自动驾驶路测安全员（广州） | 五险一金      | -K
  [ 45分] 茂名市惠宇科技信息       | 无人驾驶安全员（可接受无经验）           | -K
  [ 45分] 东信创智            | 车载测试工程师                   | -K
  [ 45分] 宇莱智能            | 招广州海珠区无人驾驶测试安全员 五险一金      | -K
  [ 45分] 匀极网络科技有限公司      | 自动驾驶安全员|10万公里老司机|五险一金     | -K
  [ 45分] 上海星光瀚澜智能科技      | L4自动驾驶道路测试工程师             | -K
  [ 45分] 东南维通            | 自动驾驶实车测试操作工程师             | -K
  [ 45分] 软通动力            | 智驾测试                      | -K
  [ 45分] 软通动力            | 线上面试/早九晚六/智驾测试            | -K
  [ 45分] 上海弈之杰信息技...     | ADAS智驾测试工程师               | -K
  [ 45分] 成都天软信息          | 车载测试工程师                   | -K
  [ 45分] 冲合信息技术          | 自动驾驶测试工程师                 | -K
  [ 45分] 无锡车联天下智能科技      | 车载测试专家                    | -K·薪
  [ 45分] 药明生物            | 机械自动化专业应届生 (MJ010021)     | -K
  [ 45分] 中科创达            | 智驾车载测试工程师                 | -K
  [ 45分] 盖硕网络            | 智能驾驶测试开发工程师               | -K
  [ 45分] 汉克时代            | 测试工程师（汽车）                 | -K
  [ 45分] 宽凳智云科技          | 自动驾驶道路测试工程师               | -K
  [ 45分] 杭州酷移机器人         | 自动驾驶安全员                   | -K
  [ 45分] 零跑科技            | 智驾测试工程师                   | -K·薪
  [ 45分] 曹操出行            | L4车载测试工程师                 | -K·薪
  [ 45分] 虹软科技            | ADAS解决方案工程师（校招）           | -K
  [ 45分] 零跑科技            | 智能驾驶泊车测试工程师               | -K·薪
  [ 45分]                 | 自动驾驶测试工程师                 | 
  [ 45分] 联想集团            | 智驾测试工程师                   | -K
  [ 45分] 辽宁宏图            | 自动驾驶安全员——武汉               | -K
  [ 45分] 河南炎壤信息科技        | 智能驾驶测试工程师（六险二金/不加班）       | -K
  [ 45分] 拓维云创            | 车载测试                      | -K
  [ 45分] 深圳市一零二四机...     | 自动驾驶测试                    | -K
  [ 45分] 瞳行智联            | 车载测试岗位                    | -K·薪
  [ 45分]                 | 智能驾驶（行车）软件测试工程师           | 
  [ 45分] 比亚迪汽车工业         | 自动驾驶测试验收工程师               | -K
  [ 45分] 软通动力            | 自动驾驶测试员（大厂外包岗）            | -K
  [ 45分] 西安星矩网络科技        | 无人车驾驶路测/司机                | -K·薪
  [ 45分] 米米无忧            | 珠海双休 + 五险一金智驾测试员          | -K
  [ 45分] 四川启明同舟数字科技      | 智驾测试员                     | -K
  [ 45分] 迈思信息            | 车载测试（ADAS经验 英语口语）         | -K
  [ 45分] 睿驰智车            | adas测试工程师助理               | -K
  [ 45分] 轻舟智航            | L4自动驾驶路测工程师               | -K·薪
  [ 45分] 上海舟恩信息          | 车载测试（嵌入式测试/复试现场）          | -K
  [ 45分] 晓枫股份            | 智驾测试主管                    | -K
  [ 45分] 德宜溪谷            | ADAS测试工程师                 | -K·薪
  [ 45分] 德宜溪谷            | 自动驾驶数据闭环实习生（数据验收方向）       | -元/天
  [ 45分] 中软国际            | 车载测试工程师                   | -K
  [ 45分] 江苏泽景            | 车载测试                      | -K·薪
  [ 45分] 上海思芮            | 车载测试工程师(集团/长期/双休/批量/紧急)   | -K
  [ 45分] 仕博测试            | 智能驾驶路测工程师                 | -K·薪
  [ 40分]                 | C驾照 自动驾驶安全员 智驾司机 双休       | 
  [ 40分] 中软国际            | 数据分析-自动驾驶方向               | -K
  [ 40分] 斯年智驾            | 自动驾驶测试实施工程师               | -K
  [ 40分]                 | 自动驾驶测试安全员                 | 
  [ 40分]                 | 自动驾驶软件实习生                 | 
  [ 40分] 畅云创客            | 具身智能数据采集员（包住宿）            | -元/天
  [ 40分]                 | 智驾数据采集运营质检（外业采集）          | 
  [ 40分] 37℃data         | 上海机器人数据采集员                | -元/天
  [ 40分] 荣晟智能            | 地图数据采集工程师                 | -K
  [ 40分] 复川              | 兼职数据采集——上海                | -元/时
  [ 40分] 慧翰股份            | 车联网测试助理                   | -K·薪
  [ 40分] 大连智捷企业管理...     | 车联网测试工程师-日英双语             | -K
  [ 40分] 极豆车联网           | Android开发工程师【车联网/智能座舱】    | -K·薪
  [ 40分]                 | OTA台架测试                   | 
  [ 40分]                 | 压缩机测试                     | 
  [ 40分] 采埃孚亚太集团有...     | 车辆测试工程师                   | -K·薪
  [ 40分]                 | 5G测试工程师                   | 
  [ 40分] 上海吾创            | 台架测试技师                    | -K
  [ 40分] 盟识科技            | 自动驾驶测试工程师-00025           | -K
  [ 40分]                 | 自动驾驶测试研发工程师（上海）           | 
  [ 40分] 李斯特技术中心(...     | 自动驾驶测试                    | -K
  [ 40分] 艺溪云智科技          | 自动驾驶测试工程师                 | -K
  [ 40分] 曹操出行            | 新能源车司机会开自动挡就行             | -K
  [ 40分] 全道科技            | 自动驾驶测试驾驶员                 | -K
  [ 40分] 软通动力            | 自动驾驶测试(外派互联网大厂)           | -K
  [ 40分] 新石器慧通           | 【实习生】软件测试工程师（自动驾驶方向）      | -元/天
  [ 40分] 白犀牛             | 自动驾驶仿真工程师实习生              | -元/天
  [ 40分]                 | 智能网联自动驾驶感知算法实习生           | 
  [ 40分]                 | 科研助理实习-自动驾驶场景生成           | 
  [ 40分] 软件评测            | 智驾测试工程师（NOA）              | -K
  [ 40分] 北京出行            | 自动驾驶安全员                   | -K
  [ 40分] 白犀牛             | 自动驾驶算法实习生                 | -元/天
  [ 40分]                 | 自动驾驶系统测试实习生               | 
  [ 40分]                 | 自动驾驶系统实习生                 | 
  [ 40分]                 | 感知基座模型实习生-【自动驾驶】          | 
  [ 40分] 江苏零浩            | 测试与安全                     | -K
  [ 40分] 软通动力            | 车载测试开发                    | -K
  [ 40分] 外企德科数字          | 大厂开发/测试/算法类（接受应届）         | -K·薪
  [ 40分] 易诚高科            | TBOX测试工程师                 | -K
  [ 40分] 松勤              | 车载测试助教讲师                  | -K
  [ 40分] 西安光脉汇嘉          | 智驾安全员                     | -K
  [ 40分] 万科物业            | 自动驾驶测试/短期6个月              | -K
  [ 40分] 经纬恒润            | 自动驾驶数据分析工程师               | -K
  [ 40分] 天津号易莱网通信...     | 游戏测试专员，无责底薪+双休，接受小白7K+    | -K
  [ 40分] 天津经纬恒润          | ADAS系统工程师                 | -K·薪
  [ 40分] 中科慧眼            | ADAS算法工程师-主动安全方向          | -K·薪
  [ 40分]                 | adas系统工程师                 | 
  [ 40分] 北京淞江科技有限公司      | 汽车电子工程师                   | -K
  [ 40分] 德力仪器设备          | 光路测试                      | -K
  [ 40分] 凯泽利             | ADAS功能设计开发                | -K
  [ 40分] 瑞立科密            | ADAS仿真工程师                 | -K·薪
  [ 40分] 中环储越            | 测试工程师                     | -K
  [ 40分] 石家庄划划科技         | 自动智能驾驶测试司机很简单.每天5到7小时.    | -K
  [ 40分] 研盟智控            | 测试员                       | -K·薪
  [ 40分] 软通动力            | UAT测试工程师（粤语+简单英文+银行项目）    | -K
  [ 40分] 网新恒天软件          | 测试工程师-外派电力项目              | -K·薪
  [ 40分] 深圳市芯光丰科技        | 生物岛自动驾驶安全员 6-10K 前景好 新趋势  | -K
  [ 40分] 全道科技            | 自动驾驶测试问题分析工程师             | -K
  [ 40分] 人瑞网络科技          | 路测问题分析员-带薪培训              | -K
  [ 40分] 安智杰研发中心         | adas软件开发工程师               | -K
  [ 40分] 与睿创新            | 测试工程师（智能外科方向）             | -K
  [ 40分] 未有科技            | 智能驾驶地图定位工程师               | -K·薪
  [ 40分] 景烁科技            | 自动驾驶标注                    | -K
  [ 40分] 一汽大众            | 助理智能驾驶产品工程师【捷达】           | -K
  [ 40分]                 | 自动驾驶测试工程师                 | 
  [ 40分] 锐明智通科技          | 自动驾驶感知算法实习生               | -元/天
  [ 40分] 明月华炎            | 车载Android（成都）             | -K
  [ 40分]                 | 智能终端测试工程师                 | 
  [ 40分] 北京软通动力云计...     | 座舱软件测试-双休/大厂外包            | -K
  [ 40分] 康明斯天远北京分公司      | 车载测试工程师                   | -K
  [ 40分]                 | 仓储自动化海外项目专员【直管用工】         | 
  [ 40分] 杭州三陆五           | 智驾测试-懂智驾会开车就行             | -K
  [ 40分] 大连致胜科技          | ADAS仿真测试工程师               | -K
  [ 40分] 谱尼              | 汽车热管理测试                   | -K
  [ 40分]                 | 自动驾驶安全员-武汉                | 
  [ 40分] 威盛              | 自动驾驶算法研究实习生               | -元/天
  [ 40分]                 | 自动驾驶安全员                   | 
  [ 40分] 法本              | 鸿蒙测试                      | -K
  [ 40分]                 | 软件测试（智驾 龙岗）               | 
  [ 40分] 佑驾创新            | ADAS项目经理                  | -K
  [ 40分] 美团              | 无人车测试安全员                  | -K
  [ 40分] 同舟技术            | 车载ivi测试                   | -K
  [ 40分] 法本              | 车载测试（仪表、carplay、中控）惠州办公   | -K
  [ 40分] 麦格米特            | 车载驱动器测试工程师                | -K
  [ 40分] 众科聚达            | ID设计师、工业设计师（车载产品）双休       | -K
  [ 40分] 华为终端有限公司        | 车载产品售后技术支持                | -K·薪
  [ 40分]                 | 车载Android开发               | 
  [ 40分]                 | 无人车测试主管                   | 
  [ 40分] 华鑫信息            | 智能座舱功能测试工程师-深圳            | -K
  [ 40分]                 | 产品经理（车载终端）                | 
  [ 40分]                 | Android车载应用开发工程师          | 
  [ 40分]                 | 车载/机器人等新业务拓展专家            | 
  [ 40分]                 | FAE工程师（车载）                | 
  [ 40分] 齐昌网络            | 新能源汽车测试工程师                | -K
  [ 40分] 济南多点聘信息科技       | 自动驾驶测试员+五险一金+双休           | -K·薪
  [ 40分] 米米无忧            | 珠海+智驾测试司机（非网约车）+双休        | -K
  [ 40分] altenchina      | 智能驾驶系统测试工程师-AEB测试         | -K·薪
  [ 40分] 晓枫股份            | 智驾测试工程师                   | -K
  [ 40分] 江苏湿曼电器科技集团      | 测试员                       | -K
  [ 40分]                 | 智驾测试【外企+统本+英语】            | 
  [ 40分] 苏州智惟科技          | 车辆测试工程师                   | -K
  [ 40分]                 | 总线测试工程师                   | 
  [ 40分] 北京软通动力云计...     | 车载测试                      | -K
  [ 40分] Momenta         | 自动驾驶系统研发实习                | -元/天
  [ 40分] 传音控股            | 交付测试工程师（充电方向）             | -K
  [ 40分] 东信创智            | 整车网络通信测试工程师               | -K
  [ 40分] 上海悦行合肥分公司       | 重庆自动挡国企平台驾驶员              | -K
  [ 40分] 长线智能            | 自动驾驶数据采集                  | -K·薪
  [ 40分] 长线智能            | 自动驾驶数据采集                  | -K·薪
  [ 40分]                 | 自动驾驶可视化产品实习生              | 
  [ 40分] 上海思芮            | 系统测试工程师-座舱测试-统招专及以上       | -K
  [ 40分] 传音通讯技术          | 软件测试实习生                   | -元/天
  [ 40分] 芯知科技            | 车载语音/座舱测试PM               | -K
  [ 40分] 爱回收             | 本地六险一金/店铺测试师/就近分配/社保      | -K
  [ 40分] 重庆渝逗人工智能科技      | AI软件测试工程师                 | -K
  [ 40分] 康硕电气            | 三坐标测试员                    | -K
  [ 40分] 传音控股            | 温升测试员                     | -K
  [ 40分] 上海思芮            | 车载系统测试工程师（动力、底盘）          | -K
  [ 40分]                 | 系统测试工程师（汽车项目）             | 
  [ 40分] 奇安信集团           | 渗透测试工程师（驻场）-重庆            | -K
  [ 40分] 鑫源汽车有限公司        | 辅助驾驶工程师                   | -K·薪
  [ 40分] 赛力斯汽车           | 智能驾驶产品工程师（泊车/行车）          | -K
  [ 40分]                 | 自动化实施                     | 
  [ 40分]                 | 自动驾驶规控算法工程师               | 
  [ 40分]                 | 实施测试工程师                   | 
  [ 40分]                 | 自动驾驶测评体系研究工程师             | 
  [ 40分]                 | 自动驾驶端到端模型算法研究员 (MJ001250) | 
  [ 40分]                 | OTA测试工程师（base宁波，吉利）       | 
  [ 40分] 重庆蓝思晨科技         | 车载ai数据标注                  | -K
  [ 40分]                 | 车载 Android 开发工程师（网联）      | 
  [ 40分] 华苏科技            | 车载系统测试工程师                 | -K
  [ 40分] 深圳市锐明技术         | 算法测试实习生(J12476)           | -元/天
  [ 40分] 中联重科            | 农机智能驾驶测试工程师               | -K·薪
  [ 40分] 深圳市锐明技术         | 算法测试实习生(J12473)           | -元/天
  [ 40分] 湖南立中科技          | 智能驾驶测试部长                  | -K
  [ 40分]                 | 智能机器人硬件及嵌入式产品测试实习         | 
  [ 35分] 北京时迅顺达科技        | 数据采集员                     | -K
  [ 35分] 中汽研上海           | 车联网安全工程师                  | -K
  [ 35分] 上海驿川供应链管理       | 认证工程师+（WIFI+BT）           | -K
  [ 35分] 广电计量            | 智能网联汽车测试工程师               | -K
  [ 35分] 法本              | 实车测试（有NOA经验）              | -K
  [ 35分] 北京软通动力云计...     | 道路测试工程师                   | -K
  [ 35分] 中软国际            | 车载测试/python自动化测试*13薪+线上面试 | -K
  [ 35分] 中科创达            | ADAS 测试工程师                | -K
  [ 35分] 北京汽车            | ADAS系统工程师                 | -K
  [ 35分] ARRK Engineering | ADAS Testing Engineer     | -K·薪
  [ 35分] 流马锐驰            | adas系统工程师                 | -K·薪
  [ 35分] 符代企业管理咨询...     | 测试工程师（整车测试）               | -K
  [ 35分] 江苏优闼数据科技...     | 楼宇测试工程师                   | -K
  [ 35分] 四川人瑞            | 测试标定工程师（台架搭建 实车测试）        | -K
  [ 35分] 中科创达            | 实车测试工程师（泊车方向）(A221685)    | -K
  [ 35分] 雄狮科技            | 车载测试工程师（实车测试）             | -K·薪
  [ 35分] 安徽克莱因信息技...     | 车辆测试工程师                   | -K
  [ 35分] 晟拓              | 智能驾驶路测工程师                 | -K
  [ 35分] 构尔汽车            | 实车测试工程师                   | -K
  [ 35分] 上海华驿汽车技术公司      | 车载测试—车身域控/智能座舱（合肥）        | -K
  [ 35分] 迈思信息            | 车载测试（经理）                  | -K
  [ 35分] 上海翼锐汽车科技        | 车载测试工程师-座舱or车控            | -K
  [ 35分] 沐澜科技            | zcu控制器实车测试工程师             | -K
  [ 35分] 武汉克莱蒙特科技技术      | AP自动泊车测试工程师               | -K
  [ 35分] 北京真蓝无限科技        | 智能驾驶路测工程师                 | -K·薪
  [ 35分] 广州市维客电子科技       | 实车测试工程师【靠近地铁+有食堂+双休】      | -K
  [ 35分] 深圳漫奢生物科技        | 车载测试-中控仪表                 | -K
  [ 35分]                 | 测试工程师（黄埔）                 | 
  [ 35分] 东信创智            | 车身域HIL测试                  | -K
  [ 35分] polelink        | 车身域控测试工程师                 | -K
  [ 35分]                 | 基础技术测试岗                   | 
  [ 35分]                 | 测试岗                       | 
  [ 35分]                 | 测试工程师（驻场农行+现场面试）          | 
  [ 35分] 京东世纪贸易有限公司      | 自动驾驶车辆运维工程师               | -K·薪
  [ 35分] 慧博云通            | 测试工程师（粤语 UAT 短期项目）        | -K
  [ 35分] 拓保软件            | 嵌入式软件测试工程师                | -K
  [ 35分] 程星通信            | 天线测试工程师                   | -K·薪
  [ 35分] 榆林飞火轮汽车服务       | 榆林无人驾驶测试工程师两小时两百自带小车      | -K
  [ 35分] 银兴科技            | 实车测试                      | -K
  [ 35分] 海橘              | 实车测试                      | -K
  [ 35分] 奇瑞汽车            | 车身控制器实车测试                 | -K·薪
  [ 35分] 长沙行深智能科技...     | 实车测试工程师                   | -K
  [ 35分] 长城汽车            | 系统测试工程师                   | -K
  [ 35分] auskey          | 车载语音测试工程师-成都              | -K
  [ 35分] 信必优Symbio       | 测试工程师（LINUX+C+视频编解码/驱动）   | -K·薪
  [ 35分] 伟博科技            | ADAS集成测试工程师               | -K
  [ 35分] 博世中国 / 集团       | ADAS HIL仿真测试工程师_BCSC      | -K·薪
  [ 35分] 虹软科技            | ADAS系统工程师（测试方向）           | -K
  [ 35分]                 | 无人驾驶算法工程师                 | 
  [ 35分] 中科创达            | 车载测试工程师（base宁波）           | -K
  [ 35分] 极目智能|智能驾驶       | 车载测试工程师                   | -K
  [ 35分] 克莱蒙特            | 智能驾驶仿真测试工程师               | -K
  [ 35分] 湖北方驰英才教育科技      | 车载测试讲师                    | -K
  [ 35分]                 | 车载测试工程师（短期）               | 
  [ 35分] 聚才云途            | 智能驾驶系统行车和泊车测试             | -K
  [ 35分] 润芯微             | 实车测试工程师（渗透测试、整车合规测试）      | -K
  [ 35分] 北京简精科技有限公司      | 实车测试工程师                   | -K
  [ 35分] 优创亿科技有限公司       | 初级测试工程师                   | -K
  [ 35分]                 | 初级测试工程师                   | 
  [ 35分] 众鸿科技            | 测试工程师（车载）                 | -K
  [ 35分] 深德科             | 飞行测试（大厂双休）                | -K
  [ 35分]                 | 内招C1自动挡驾驶员 工资周结           | 
  [ 35分] 罗宾艾克斯           | 自动驾驶系统工程师                 | -K·薪
  [ 35分] 深圳市鸿源瑞投资企业      | 半挂车驾驶员                    | -K
  [ 35分]                 | 测试工程师（机器人方向）              | 
  [ 35分]                 | 运维工程师（无人驾驶领域）             | 
  [ 35分] 芯动力             | 测试助理（实习生)                 | -元/天
  [ 35分] 未来机器人（深圳...     | 测试工程师（出差合肥）               | -K
  [ 35分] 海橘              | 实车测试工程师                   | -K
  [ 35分]                 | 光学测试工程师                   | 
  [ 35分] 海橘              | demo实车测试（英语）              | -K
  [ 35分] 道通科技            | 实车测试工程师                   | -K
  [ 35分] 广州千棠科技有限公司      | 智能驾驶测试工程师助理(六险二金)         | -K
  [ 35分] 智达诚远            | 座舱车载测试（吉利项目）-不背调          | -K
  [ 35分] 深圳快点见           | AI实习生（车载数字钥匙协议方向）         | -K
  [ 35分] 上海思芮            | 系统测试（座舱/车控/adas/ota/动力等）  | -K
  [ 35分]                 | 车载测试培训讲师                  | 
  [ 35分] 重庆小猿科技有限公司      | 车载测试讲师                    | -K
  [ 35分] 道通科技            | 实车测试工程师                   | -K
  [ 35分] 马士兵(北京)教...     | 车载测试讲师                    | -K
  [ 35分] 五号智能            | 车辆测试工程师                   | -K·薪
  [ 30分] 慧图科技            | 数据采集员（北京/上海）              | -K
  [ 30分] 君色文化传播          | 照片数据采集员                   | -K
  [ 30分] 常州市阳成信息科技       | 无人智能驾驶安全采集数据员             | -K
  [ 30分] 常州市阳成信息科技       | 无人智能驾驶安全采集数据员             | -K
  [ 30分]                 | 数据采集                      | 
  [ 30分] 深圳市大德众和科技       | 通辽农业地图数据采集                | -元/天
  [ 30分] 畅云创客            | 动捕数据采集专员                  | -元/天
  [ 30分] 泛星科技            | 大学生兼职数据采集员—图书馆书店等         | -元/时
  [ 30分] 上海橘盈科技有限公司      | 发动机标定采集工程师                | -K
  [ 30分]                 | 机器人数据采集-缴纳五险一金            | 
  [ 30分]                 | 具身机器人数据采集                 | 
  [ 30分]                 | 车载语音测试                    | 
  [ 30分] 斑马智能            | 车载语音测试                    | -K
  [ 30分] 零起              | v2x仿真测试工程师                | -K
  [ 30分]                 | 台架测试员                     | 
  [ 30分] 珩渥检测            | 检测认证工程师                   | -K
  [ 30分] 舟迹              | 认证专员                      | -K
  [ 30分] 擎朗智能            | 机器人认证测试实习生                | -元/天
  [ 30分] TUV莱茵           | 高低压-设配电-检测认证工程师           | -K·薪
  [ 30分] 兴宝检测            | 检测认证测试工程师                 | -K
  [ 30分] 华为              | 【实习】硬件测试开发工程师             | -元/天
  [ 30分] 上海吾创            | ADAS数据分析                  | -K
  [ 30分] 天津美芒信息科技        | 电子电器测试工程师 (电性能测试)         | -K
  [ 30分] 上海翼锐汽车科技        | adas标定测试工程师               | -K
  [ 30分] 广电计量            | 智能网联汽车测试工程师               | -K
  [ 30分] 微创软件            | 现场测试员                     | -K
  [ 30分] 讯锡科技            | 车载测试 江浙沪有岗 外包大厂           | -K
  [ 30分] 火熠              | 车载测试开发                    | -K
  [ 30分] 奇瑞汽车股份有限公司      | 自动/智能驾驶测试工程师              | -K·薪
  [ 30分] 中软国际            | 车载测试接受项目助理岗               | -K
  [ 30分] 爱荔枝             | 车载测试兼职                    | -元/时
  [ 30分]                 | 车载测试工程师（驻场宁波吉利）           | 
  [ 30分]                 | 车载测试工程师（车身）               | 
  [ 30分] 华为              | 车载测试                      | -K
  [ 30分] 润和软件            | 车载测试工程师                   | -K
  [ 30分] 华为技术有限公司        | 智能驾驶软件/硬件/底软BSP测试测试岗位     | -K
  [ 30分] 中科创达软件          | 智能驾驶FAE工程师（base深圳）(A49599 | -K
  [ 30分] 远峰科技            | 辅助驾驶系统模型工程师               | -K
  [ 30分] 恩创科技            | 测试组长（五金压铸行业）              | -K
  [ 30分] 长城汽车            | 辅助驾驶测试工程师                 | -K·薪
  [ 30分] 滴滴              | 27届秋储-商业分析-自动驾驶 (MJ017834 | -元/天
  [ 30分] 法本              | 车载测试（问题分拣）双休-三班 有夜班补贴     | -K
  [ 30分]                 | 无人驾驶算法运维工程师               | 
  [ 30分] 福瑞股份            | 自动驾驶系统工程师                 | -K·薪
  [ 30分] 理想汽车            | 【非正岗】地图导航软件测试             | -K
  [ 30分] 上海瑞应            | 热管理空调测试标定工程师（台架 + 实车）     | -K
  [ 30分] 河南天炯信息科技        | 车载功能测试（五险一金/可接受应届生）       | -K·薪
  [ 30分] 人瑞网络科技          | 车载测试-车机安卓方向-长城外包-统招学历     | -K
  [ 30分] 杭州真至数智科技公司      | 车载测试（北京短期）                | -K
  [ 30分]                 | 车载小爱产品实习                  | 
  [ 30分]                 | 车载系统测试实习生                 | 
  [ 30分] 四川星河智略网络科技      | 车载测试工程师                   | -K
  [ 30分] 成都学到职业技能培训      | 整机/车载测试讲师                 | -K
  [ 30分] 博为峰             | IT培训讲师（有车载测试/游戏测试经验）      | -K·薪
  [ 30分]                 | 蓝牙/车载测试专家                 | 
  [ 30分] 魏桥新能源汽车         | 智能驾驶测试工程师                 | -K
  [ 30分]                 | 车载测试助教                    | 
  [ 30分]                 | 智能驾驶测试工程师                 | 
  [ 30分] 北京经创聚源          | ADAS HIL自动化测试工程师          | -K
  [ 30分] 宁橡新能源汽车电子       | ADAS 整车集成测试               | -K
  [ 30分] 勒炫              | 辅助驾驶测试                    | -K
  [ 30分] 长城汽车            | 智能辅助驾驶系统工程师               | -K
  [ 30分] 吉利研究院           | ADAS系统工程师                 | -K
  [ 30分] 四川省才佑科技         | 智能驾驶测试工程师+双休+五险一金         | -K
  [ 30分] 光庭              | 智能座舱测试工程师                 | -K
  [ 30分] 深圳智力电源有限公司      | 车载测试（base武汉）              | -K
  [ 30分] 岱思              | 车载多媒体主机（FM收音）测试员          | -K
  [ 30分]                 | 通信测试工程师                   | 
  [ 30分] 华苏科技            | 智驾动力测试                    | -K
  [ 30分] 古猿科技            | 诊断车载测试                    | -K
  [ 30分] 犀重汽车            | 智驾标定测试工程师                 | -K
  [ 30分] 长春风火轮科技         | 车载测试工程师-                  | -K
  [ 30分] 成都翼创雷行智能科技      | 【校招】车载Java后端开发            | -K
  [ 30分]                 | 整车功能测试工程师                 | 
  [ 30分] 软通动力            | 华为MDC智能驾驶专家               | -K
  [ 30分] 凯翼汽车            | 智能驾驶（零部件及系统开发）            | -K·薪
  [ 30分] 鑫达软件            | 测试工程师                     | -K
  [ 30分] 鑫达软件            | 测试工程师                     | -K
  [ 30分] 上海铮旗信息          | 功能测试                      | -K
  [ 30分] 华坤检测            | 金属材料测试工程师                 | -K
  [ 30分] 艾舜光电            | 研发测试技术员                   | -K·薪
  [ 30分] 上海悦行合肥分公司       | 无锡国企自动挡驾驶员                | -K
  [ 30分] 无锡黑骑士科技         | 电动车测试工程师（二轮车）             | -K
  [ 30分] 中科芯             | 测试员                       | -K
  [ 30分] 上海铮旗信息          | 车载功能测试（线上面试）              | -K
  [ 30分] 洛世达             | 服装测试专员                    | -K·薪
  [ 30分] 中科芯             | 测试员                       | -K
  [ 30分]                 | 电芯测试技术员                   | 
  [ 30分] 无锡宇宁科技          | 测试技术员                     | -K·薪
  [ 30分]                 | 测试技术员（需倒班）                | 
  [ 30分]                 | 测试工程师（labview)            | 
  [ 30分] 武汉光庭            | Android开发工程师（车载）          | -K
  [ 30分] 无锡凡特            | 车载仪表/3D/车控应用开发工程师         | -K
  [ 30分] 伟博科技            | 车载网络通讯诊断测试                | -K
  [ 30分]                 | 车载系统性能                    | 
  [ 30分]                 | 安卓开发工程师（可无车载经验，多个方向）      | 
  [ 30分] 卓云智能科技          | 车载控制器Bootloader软件开发工程师    | -K
  [ 30分]                 | Cp测试工程师                   | 
  [ 30分] 杭州佬虎钳科技发展       | 自动驾驶数据标注项目经理              | -K
  [ 30分] 上海递归未来网络科技      | 智驾功能测试工程师-实车              | -K
  [ 30分] 中科创达            | 车载测试工程师-DHU               | -K
  [ 30分] 法本              | 测试工程师（动力域、DHU、整车集成）       | -K
  [ 30分] 承影科技            | 车载仪表测试（仪表模块 不背调 但统招）      | -K
  [ 30分] 中科创达            | 车载测试（座舱/实车/台架）            | -K
  [ 30分] 虹软科技            | 智能车载测试项目经理                | -K
  [ 30分]                 | 智能驾驶测试工程师                 | 
  [ 30分] 法本              | 急急急急急智能驾驶功能安全与信息安全测试      | -K
  [ 30分]                 | 智能驾驶测试售后支持工程师             | 
  [ 30分]                 | 无人驾驶安全员                   | 
  [ 30分] 东风汽车            | 智能驾驶与座舱-东风汽车研发总院          | -K
  [ 30分] 深圳漫奢生物科技        | 车载测试（中控、仪表、tbox都要人）       | -K
  [ 30分] CLPS华钦软件        | 车载测试工程师-国内项目-长期项目         | -K
  [ 30分] 深圳维勤技术咨询        | 车载测试工程师（中控/仪表/T-box）      | -K
  [ 30分] 中软国际            | 车载测试（座舱方向）+武汉             | -K·薪
  [ 30分] INTEST          | 车载测试工程师（驻场）               | -K
  [ 30分]                 | 车载测试助教|上市大厂稳岗双休不加班        | 
  [ 30分] 她趣信息技术有限公司      | 测试校招生                     | -K·薪
  [ 30分] 深圳市锐明技术         | 软件测试实习生（深圳）(J12322)       | -元/天
  [ 30分] 聚星智能            | 外协半导体测试技术员（非标自动化）         | -K
  [ 30分]                 | 测试开发工程师                   | 
  [ 30分] 四川省才佑科技         | 智能驾驶测试员/17薪/五险一金          | -K
  [ 30分] 三一海洋重工有限公司      | 智能驾驶算法工程师（感知方向）           | -K·薪
  [ 30分] 上海嘉驰信息技术咨询      | 车载语音测试-语义测试经验-短期三个月       | -K
  [ 30分]                 | TPM(智能驾驶)                 | 
  [ 30分] 陕西方驰教育科技        | 车载测试讲师                    | -K
  [ 30分] 欧菲车联            | 车载测试授课老师                  | -K
  [ 30分] 中软国际            | 车载测试                      | -K
  [ 30分] 长线智能            | 智能驾驶软件测试工程师               | -K·薪
  [ 30分]                 | 智能汽车测试安全员                 | 
  [ 30分] 赛力斯汽车           | 问界-车载测试                   | -K·薪
  [ 30分]                 | 车载测试工程师助理                 | 
  [ 30分] 中软国际            | 车载测试（五险一金双休）              | -K
  [ 30分] 纬致科技上海          | 自动化车载测试                   | -K
  [ 30分] 重庆君歌电子科技        | 光学工程师（车载摄像头）              | -K·薪
  [ 30分] 湖南秒数分软件科技       | 学徒车载测试工程师                 | -K
  [ 30分] 宏宇职业培训          | 车载测试培训师                   | -K
  [ 25分] 科络达云软件技术...     | 车联网项目经理（车载OTA项目）          | -K
  [ 25分] 上海礼聪            | 车联网-TSP/T-BOX- DRE        | -K
  [ 25分] Intertek天祥集团    | 认证工程师-电子电气                | -K·薪
  [ 20分] 春田信息            | 机器人采集                     | -K
  [ 20分] 上海友衷            | 车联网功能开发工程师                | -K
  [ 20分]                 | linux测试工程师                | 
  [ 20分]                 | 车载底层测试                    | 
  [ 15分] ZD              | 智能座舱测试工程师                 | -K
  [ 15分] 武汉讯锡云科技         | 保险测试                      | -K
  [ 10分] 博坦德上海           | 导航与车联网验证测试工程师             | -K·薪
  [ 10分] 芜湖正驰汽车科技        | Android开发工程师（车联网方向）       | -K
  [ 10分] 全晓信息            | 智能网联项目经理（车联网、智能座舱）        | -K
  [ 10分] 众鼠科技            | 车联网全栈开发工程师（C++/Java）      | -K
  [ 10分]                 | 台架测试                      | 
  [  5分] 天津智创新业科技        | 车载网络诊断测试                  | -K
  [  5分] 西图盟             | 充电系统测试                    | -K
  [  5分]                 | 车身域测试                     | 
  [  5分] 储融检测            | 项目认证工程师                   | -K·薪
  [  5分] 上海安诺尔认证服务       | 安诺尔认证事业部总经理（认证检测）         | -K·薪

  ❌ 失败 1 个:
  - 辅助驾驶测试工程师 → 
与页面的连接已断开。
版本: 4.1.1.4

📄 HTML 报告已生成: /Users/liuwendi/projects/job-hunter/data/reports/report_2026-06-18_1122.html
=== Job Hunter 结束 2026-06-18 11:22:42 ===
