=== Job Hunter 开始 2026-06-18 15:30:00 ===
⏳ 随机延迟 598s（模拟人类）...
🔍 检查 Chrome 调试端口 9222...
✅ Chrome 已就绪
🚀 开始投递...

╔══════════════════════════════════════╗
║  🤖 Job Hunter v2 — Boss直聘        ║
╠══════════════════════════════════════╣
║  城市: 深圳, 上海, 广州, 北京, 武汉, 重庆, 杭州, 成都, 苏州         ║
║  搜索: 智驾测试, ADAS测试, 自动驾驶测试, 实车测试, 车载测试        ║
║  每任务上限: 15 份              ║
║  最低评分: 30               ║
║  时间: 2026-06-18 17:47           ║
╚══════════════════════════════════════╝

🔗 连接 Chrome（端口 9222）...

============================================================
📍 深圳 | 🔍 智驾测试 | 🎯 上限 15 份
============================================================
  待处理 1 个（第 1 页）
  [ 60分] 佳壹信息 | 智驾测试助理（实车路测 + Linux/Pytho | -K → 目标岗位:智驾测试、技能匹配:Linux/LIN/路测、智驾
    ✅ 已投递 (1/15)
  加载更多：14 → 29 个
  加载更多：29 → 44 个
  加载更多：44 → 59 个
  待处理 1 个（第 5 页）
  [ 35分] 智迈特 | QA测试工程师 | -K·薪 → 技能匹配:Linux/Shell/LIN、Linux
    ✅ 已投递 (2/15)
  加载更多：14 → 29 个

  ☕ 休息 13s ...


============================================================
📍 深圳 | 🔍 ADAS测试 | 🎯 上限 15 份
============================================================
  加载更多：14 → 29 个
  待处理 1 个（第 2 页）
  [ 35分] 卓驭 | ADAS软件开发工程师 | -K·薪 → 技能匹配:ADAS/Linux/CANoe、ADAS
    ✅ 已投递 (1/15)
  加载更多：14 → 29 个
  加载更多：29 → 44 个
  加载更多：44 → 59 个
  加载更多：59 → 74 个

  ☕ 休息 10s ...


============================================================
📍 深圳 | 🔍 自动驾驶测试 | 🎯 上限 15 份
============================================================
  待处理 3 个（第 1 页）
  [ 60分] 深圳市芯光丰科技 | 深圳-自动驾驶安全员[测试员] | -K → 目标岗位:安全员、技能匹配:Linux/LIN/路测、自动驾驶
    ✅ 已投递 (1/15)
  [ 20分] 新石器慧通 | 自动驾驶车端交付工程师 | -元/天 → 技能匹配:Linux/LIN、智驾
  [ 20分] Momenta | 自动驾驶算法负责人（北上苏深） | -K·薪 → 技能匹配:Linux/LIN、智驾
  待处理 2 个（第 2 页）
  [ 20分] 芯辰远航 | 产品经理【园区自动驾驶解决方案】 | -K·薪 → 技能匹配:Linux/LIN、智驾
  [ 50分] 深圳市锐明技术 | 算法测试实习生(J11848) | -元/天 → 接受实习/应届、技能匹配:Linux/LIN、智驾
    ✅ 已投递 (5/18)
  加载更多：14 → 29 个
  待处理 9 个（第 4 页）
  [ 30分] 驭势科技 | 自动驾驶部署测试工程师 | -K → 技能匹配:Linux/LIN/路测、自动驾驶
    ✅ 已投递 (6/18)
  [ 20分]  | 自动驾驶视觉感知算法工程师 |  → 技能匹配:Linux/LIN、智驾
  [ 20分]  | 中级飞行测试工程师 |  → 技能匹配:Linux/LIN、智驾
  [ 20分]  | 无人机测试工程师（视距内/超视距方向） |  → 技能匹配:Linux/LIN、智驾
  [ 20分]  | 无人机测试员 / 无人机飞手 |  → 技能匹配:Linux/LIN、智驾
  [ 50分]  | 自动驾驶测试交付工程师 |  → 目标岗位:自动驾驶测试、技能匹配:Linux/LIN、智驾
    ✅ 已投递 (11/22)
  [  0分]  | 资深前端开发工程师-无人驾驶清扫车业务线 |  → 标题包含排除词: 资深
  [ 30分]  | 测试工程师_无人机 |  → 技能匹配:Linux/LIN/路测、自动驾驶
    ✅ 已投递 (13/23)
  [ 20分]  | 测试工程师（出差合肥） |  → 技能匹配:Linux/LIN、智驾
  加载更多：14 → 29 个
  待处理 1 个（第 6 页）
  [ 20分] 品图视觉 | 项目专员（非标自动化行业） | -K → 技能匹配:Linux/LIN、智驾
  本页全不匹配 (连续 1/3 页无匹配)

  ☕ 休息 8s ...


============================================================
📍 深圳 | 🔍 实车测试 | 🎯 上限 15 份
============================================================
  待处理 1 个（第 1 页）
  [ 35分] 米哈哈 | 研发助理（NOA测试） | -K → 技能匹配:Linux/Shell/LIN、Linux
    ✅ 已投递 (1/15)
  加载更多：14 → 29 个
  待处理 1 个（第 3 页）
  [ 35分] 拼多多集团-PDD | 电器安规测试工程师 | -K·薪 → 技能匹配:Linux/Shell/LIN、Linux
    ✅ 已投递 (2/15)
  加载更多：14 → 29 个
  第 5 页无新岗位 (连续 1/3)
  第 6 页无新岗位 (连续 2/3)

  ☕ 休息 11s ...


============================================================
📍 深圳 | 🔍 车载测试 | 🎯 上限 15 份
============================================================
  加载更多：14 → 29 个
  待处理 2 个（第 2 页）
  [  0分] 麦谷科技 | 海外设备销售（车载产品） | -K → 标题包含排除词: 销售
  [ 40分] 众科聚达 | 项目专员（车载3C消费电子）双休、五险一金 | -K → 技能匹配:Linux/Shell/LIN、自动驾驶
    ✅ 已投递 (2/16)
  加载更多：14 → 29 个
  加载更多：29 → 44 个
  待处理 2 个（第 5 页）
  [ 40分] 智慧派 | 车载mcu软件工程师 | -K → 技能匹配:Linux/Shell/LIN、自动驾驶
    ✅ 已投递 (3/16)
  [ 40分]  | EMC测试工程师（车载） |  → 技能匹配:Linux/Shell/LIN、自动驾驶
    ✅ 已投递 (4/16)
  加载更多：14 → 29 个

  ☕ 休息 12s ...


============================================================
📍 上海 | 🔍 智驾测试 | 🎯 上限 15 份
============================================================
  待处理 1 个（第 1 页）
  [ 65分] 上海礼聪 | 智驾测试【外企+统本+英语】 | -K → 目标岗位:智驾测试、技能匹配:ADAS/CANoe/CAN、ADAS
    ✅ 已投递 (1/15)
  加载更多：14 → 29 个
  待处理 2 个（第 3 页）
  [ 35分] 禾苗通信 | camera测试工程师 | -K → 技能匹配:ADAS/CANoe/CAN、ADAS
    ✅ 已投递 (2/15)
  [ 35分]  | 智驾模型测试工程师（泊车） |  → 技能匹配:ADAS/CANoe/CAN、ADAS
    ✅ 已投递 (3/15)
  加载更多：14 → 29 个
  加载更多：29 → 44 个
  待处理 6 个（第 6 页）
  [ 30分] 宇量昇 | 封装测试技术员 | -K·薪 → 技能匹配:ADAS/CANoe/CAN、ADAS
    ✅ 已投递 (4/15)
  [  0分]  | 功耗测试工程师 |  → 缺少必须关键词: ADAS...
  [  0分]  | 车身台架测试 |  → 缺少必须关键词: ADAS...
  [  0分]  | AI测试工程师 |  → 缺少必须关键词: ADAS...
  [  0分]  | Camera测试 |  → 缺少必须关键词: ADAS...
  [  0分]  | Beta测试 |  → 缺少必须关键词: ADAS...

  ☕ 休息 11s ...


============================================================
📍 上海 | 🔍 ADAS测试 | 🎯 上限 15 份
============================================================
  待处理 2 个（第 1 页）
  [ 15分] 上海思芮 | ADAS仿真测试 | -K → 技能匹配:ADAS、ADAS
  [ 45分] 一汽大众 | 助理ADAS测试工程师 | -K → 目标岗位:ADAS测试、技能匹配:ADAS、ADAS
    ✅ 已投递 (2/16)
  加载更多：14 → 29 个
  待处理 3 个（第 3 页）
  [ 45分] ARRK Engineerin | ADAS Testing Engineer ADA | -K·薪 → 目标岗位:ADAS测试、技能匹配:ADAS、ADAS
    ✅ 已投递 (3/16)
  [ 15分]  | ADAS技术支持-黑芝麻 |  → 技能匹配:ADAS、ADAS
  [ 15分]  | 数据测试工程师 |  → 技能匹配:ADAS、ADAS
  待处理 1 个（第 4 页）
  [ 45分] 上海赛赛汽车 | adas测试工程师APA | -K → 目标岗位:ADAS测试、技能匹配:ADAS、ADAS
    ✅ 已投递 (6/18)
  加载更多：14 → 29 个
  加载更多：29 → 44 个

  ☕ 休息 12s ...


============================================================
📍 上海 | 🔍 自动驾驶测试 | 🎯 上限 15 份
============================================================
  待处理 1 个（第 1 页）
  [🔴过滤] 法本 | 自动驾驶标定工程师 | -K → 外包低薪无技术→过滤
  本页全不匹配 (连续 1/3 页无匹配)
  加载更多：14 → 29 个
  待处理 5 个（第 3 页）
  [ 40分] 奇瑞汽车 | 智能驾驶泊车测试工程师 | -K → 目标岗位:智能驾驶、机器人
    ✅ 已投递 (2/16)
  [ 70分]  | 自动驾驶算法开发实习生 |  → 接受实习/应届、技能匹配:ADAS/Linux/Shell、ADAS
    ✅ 已投递 (3/16)
  [ 65分]  | 自动驾驶规控算法实习生（可转正） |  → 接受实习/应届、技能匹配:ADAS/CAN/LIN、ADAS
    ✅ 已投递 (4/16)
  [ 35分]  | 自动驾驶定位和SLAM工程师 |  → 技能匹配:Linux/Shell/LIN、自动驾驶
    ✅ 已投递 (5/16)
  [ 40分]  | 自动驾驶系统工程师 |  → 技能匹配:ADAS/Linux/Shell、ADAS
    ✅ 已投递 (6/16)
  加载更多：14 → 29 个
  待处理 1 个（第 5 页）
  [ 65分] 泽尔测试 | 自动驾驶测试工程师（数据/法规/测试平台） | -K → 目标岗位:自动驾驶测试、技能匹配:ADAS/CAN/LIN、ADAS
    ✅ 已投递 (7/16)
  加载更多：14 → 29 个

  ☕ 休息 11s ...


============================================================
📍 上海 | 🔍 实车测试 | 🎯 上限 15 份
============================================================
  加载更多：14 → 29 个
  待处理 2 个（第 2 页）
  [  0分] 安徽瀚盛汽车检验... | 整车集成测试（实车）上海 | -K → 无匹配
  [  0分] 上海翼锐汽车科技 | 网络测试工程师 | -K → 无匹配
  本页全不匹配 (连续 1/3 页无匹配)
  加载更多：29 → 44 个
  待处理 1 个（第 4 页）
  [🟡调整] 0→10分 北京软通动力云计... | HIL测试 | -K → 高价值外包跳板+10
  [ 10分] 北京软通动力云计... | HIL测试 | -K → 无匹配、高价值外包跳板+10
  本页全不匹配 (连续 2/3 页无匹配)
  加载更多：44 → 59 个
  待处理 2 个（第 6 页）
  [  0分] 极光星通 | 飞控测试工程师 | -K·薪 → 无匹配
  [  0分] 上海经创至诚 | hil测试工程师 | -K → 无匹配
  本页全不匹配 (连续 3/3 页无匹配)

  ☕ 休息 11s ...


============================================================
📍 上海 | 🔍 车载测试 | 🎯 上限 15 份
============================================================
  待处理 1 个（第 1 页）
  [  0分] 慧博云通 | 车载软件测试工程师 | -K → 无匹配
  本页全不匹配 (连续 1/3 页无匹配)
  加载更多：14 → 29 个
  加载更多：29 → 44 个
  待处理 5 个（第 4 页）
  [ 45分] 版石软件(上海) | 车载软件开发测试~ADAS辅助驾驶~双休 | -K → 目标岗位:辅助驾驶、技能匹配:ADAS、ADAS
    ✅ 已投递 (2/16)
  [ 25分]  | 汽车座舱测试工程师 |  → 技能匹配:CANoe/CAN/LIN、CAN
  [ 85分]  | 车载测试实习生 |  → 目标岗位:车载测试、接受实习/应届、技能匹配:CANoe/CAN/LIN、CAN
    ✅ 已投递 (4/17)
  [ 25分]  | 车载软件项目管理 |  → 技能匹配:ADAS/CAN/实车测试、ADAS
  [ 55分]  | 智能驾驶测试 |  → 目标岗位:智能驾驶、技能匹配:ADAS/CAN/实车测试、ADAS
    ✅ 已投递 (6/18)
  加载更多：14 → 29 个
  加载更多：29 → 44 个

  ☕ 休息 12s ...


============================================================
📍 广州 | 🔍 智驾测试 | 🎯 上限 15 份
============================================================
  待处理 3 个（第 1 页）
  [ 10分] 广州南天 | 功能测试工程师（尽快到岗） | -K → 智驾
  [ 10分] 联想利泰 | 车载嵌入式软件测试员 | -K → 智驾
  [ 10分] 联想利泰 | 嵌入式软件测试员（车企外包） | -K → 智驾
  本页全不匹配 (连续 1/3 页无匹配)
  加载更多：14 → 29 个
  加载更多：29 → 44 个
  加载更多：44 → 59 个
  待处理 3 个（第 5 页）
  [ 10分] 信雅达科技股份 | 测试（广州农行-现场笔面试） | -K → 智驾
  [🔴过滤] 软通动力 | 测试工程师-东莞办公 | -K → 外包低薪无技术→过滤
  [ 10分] 视源股份(CVTE) | 系统软件测试工程师 | -K·薪 → 智驾
  本页全不匹配 (连续 2/3 页无匹配)
  加载更多：59 → 74 个

  ☕ 休息 12s ...


============================================================
📍 广州 | 🔍 ADAS测试 | 🎯 上限 15 份
============================================================
  待处理 2 个（第 1 页）
  [ 25分] 文远知行 | 自动驾驶OTA测试工程师（有自动驾驶经验） | -K·薪 → 技能匹配:Linux/LIN/车辆测试、自动驾驶
  [ 55分] 泰保企业服务 | L4自动驾驶测试工程师 | -K → 目标岗位:自动驾驶测试、技能匹配:Linux/LIN/车辆测试、自动驾驶
    ✅ 已投递 (2/16)
  加载更多：14 → 29 个
  待处理 3 个（第 3 页）
  [ 60分] polelink | 广汽车身-车身域测试工程师 | -K → 接受实习/应届、技能匹配:CANoe/CAN/传感器、智驾
    ✅ 已投递 (3/16)
  [ 30分]  | 软件测试工程师（CAE） |  → 技能匹配:Linux/Shell/LIN、自动驾驶
    ✅ 已投递 (4/16)
  [ 20分]  | 测试工程师（国企） |  → 技能匹配:Linux/LIN、自动驾驶
  加载更多：14 → 29 个
  加载更多：29 → 44 个
  待处理 5 个（第 6 页）
  [ 20分] 北京申朴 | 测试工程师（华泰） | -K → 技能匹配:Linux/LIN、自动驾驶
  [🔴过滤] 信必优Symbio | 企业网银项目测试工程师（年终奖，佛山） | -K → 外包低薪无技术→过滤
  [ 20分] altenchina | 白盒测试工程师（外派主机厂） | -K → 技能匹配:Linux/LIN、自动驾驶
  [ 20分] 上海银基科技 | 测试工程师(J10434) | -K → 技能匹配:Linux/LIN、自动驾驶
  [ 20分] 深德科 | 测试工程师-现场面试 | -K → 技能匹配:Linux/LIN、自动驾驶
  本页全不匹配 (连续 1/3 页无匹配)

  ☕ 休息 11s ...


============================================================
📍 广州 | 🔍 自动驾驶测试 | 🎯 上限 15 份
============================================================
  待处理 3 个（第 1 页）
  [ 50分] 四川启明同舟数字科技 | 双休不加班 智驾测试员 | -K → 目标岗位:智驾测试、技能匹配:ADAS/路测、ADAS
    ✅ 已投递 (1/15)
  [🔴过滤] 青岛育喆 | 自动驾驶前端驾驶员 | -K → 纯司机岗无技术→过滤
  [ 15分] 滴滴 | 运营调度专员 双休 自动驾驶行业 | -K·薪 → 技能匹配:车辆测试、自动驾驶
  待处理 1 个（第 2 页）
  [ 35分] 允皓智能 | 无人汽车驾驶安全员 | -K → 目标岗位:安全员、技能匹配:车辆测试
    ✅ 已投递 (4/17)
  加载更多：14 → 29 个
  待处理 8 个（第 4 页）
  [ 40分] 亿瑜 | 无人驾驶安全员 | -K → 目标岗位:安全员、自动驾驶
    ✅ 已投递 (5/17)
  [🔴过滤]  | 无人车驾驶员安全员 |  → 纯司机岗无技术→过滤
  [ 15分]  | 自动驾驶辅助运营专员 |  → 技能匹配:路测、自动驾驶
  [ 75分]  | 自动驾驶系统测试实习生 |  → 目标岗位:系统测试、接受实习/应届、技能匹配:路测、自动驾驶
    ✅ 已投递 (8/19)
  [ 45分]  | （自动驾驶无人车）初级测试工程师【实习】 |  → 接受实习/应届、技能匹配:接管、自动驾驶
    ✅ 已投递 (9/19)
  [ 10分]  | 自动驾驶车地援岗位 |  → 自动驾驶
  [ 45分]  | 车辆测试员 |  → 目标岗位:车辆测试、技能匹配:车辆测试、自动驾驶
    ✅ 已投递 (11/20)
  [ 10分]  | 自动驾驶数据标注工程师 |  → 自动驾驶
  加载更多：14 → 29 个
  待处理 3 个（第 6 页）
  [ 10分] 宇莱智能 | 无人驾驶跟车员入职交社保 | -K → 自动驾驶
  [🔴过滤] 法本 | 无人驾驶测试五险一金双休（路测） | -K·薪 → 外包低薪无技术→过滤
  [ 10分] 四川启明同舟数字科技 | 智能测试 | -K → 自动驾驶
  本页全不匹配 (连续 1/3 页无匹配)

  ☕ 休息 8s ...


============================================================
📍 广州 | 🔍 实车测试 | 🎯 上限 15 份
============================================================
  待处理 1 个（第 1 页）
  [ 20分] 联想利泰 | 嵌入式软件测试员(实车自动化) | -K → 技能匹配:Linux/LIN、自动驾驶
  本页全不匹配 (连续 1/3 页无匹配)
  加载更多：14 → 29 个
  加载更多：29 → 44 个
  待处理 1 个（第 4 页）
  [ 25分] 立景创新 | TE测试工程师（摄像头模组） | -K → 技能匹配:Linux/LIN/摄像头、自动驾驶
  本页全不匹配 (连续 2/3 页无匹配)
  加载更多：44 → 59 个
  待处理 7 个（第 6 页）
  [ 20分] 华旭精密技术 | 测试主管 | -K → 技能匹配:Linux/LIN、自动驾驶
  [ 20分] 天暄游戏 | 测试组长 | -K·薪 → 技能匹配:Linux/LIN、自动驾驶
  [ 20分] 丁丁文化传媒 | 海外短剧行业测试工程师（双休+五险一金） | -K → 技能匹配:Linux/LIN、自动驾驶
  [ 20分] 华墨 | 喷墨墨水测试工程师 | -K → 技能匹配:Linux/LIN、自动驾驶
  [ 20分] 广州维力医疗器械... | 研发测试工程师（内窥镜） | -K·薪 → 技能匹配:Linux/LIN、自动驾驶
  [ 20分] 佰优电器 | 测试专员 | -K → 技能匹配:Linux/LIN、自动驾驶
  [ 20分] 润建广东 | 智能体测试工程师 | -K·薪 → 技能匹配:Linux/LIN、自动驾驶
  本页全不匹配 (连续 3/3 页无匹配)

  ☕ 休息 11s ...


============================================================
📍 广州 | 🔍 车载测试 | 🎯 上限 15 份
============================================================
  待处理 1 个（第 1 页）
  [ 25分] 微创软件 | 车载应用测试工程师（3个月） | -K → 技能匹配:CANoe/CAN/LIN、CAN
  本页全不匹配 (连续 1/3 页无匹配)
  加载更多：14 → 29 个
  待处理 2 个（第 3 页）
  [ 25分] 中科创达 | 车载自动化测试工程师(A75389) | -K → 技能匹配:CANoe/CAN/LIN、CAN
  [🟡调整] 25→35分 纬致芯创科技 | 嵌入式软件测试-小鹏 线上面试 | -K → 高价值外包跳板+10
  [ 35分] 纬致芯创科技 | 嵌入式软件测试-小鹏 线上面试 | -K → 技能匹配:CANoe/CAN/LIN、CAN、高价值外包跳板+10
    ✅ 已投递 (3/17)
  加载更多：14 → 29 个
  待处理 1 个（第 5 页）
  [🔴过滤] 法本 | 车载测试工程师（TBOX测试） | -K → 外包低薪无技术→过滤
  本页全不匹配 (连续 1/3 页无匹配)
  加载更多：29 → 44 个

  ☕ 休息 9s ...


============================================================
📍 北京 | 🔍 智驾测试 | 🎯 上限 15 份
============================================================
  待处理 3 个（第 1 页）
  [ 40分] 北京新都远景网络 | 自动驾驶测试 | -K → 目标岗位:自动驾驶测试、自动驾驶
    ✅ 已投递 (1/15)
  [🔴过滤] 华苏科技 | 座舱测试工程师 | -K → 外包低薪无技术→过滤
  [ 20分] 京东物流 | 仿真测试专员 | -K → 技能匹配:路测/实车测试、智驾
  加载更多：14 → 29 个
  待处理 1 个（第 3 页）
  [ 20分] 合肥景彦科技有限公司 | 金租测试（中信） | -K → 技能匹配:路测/实车测试、智驾
  本页全不匹配 (连续 1/3 页无匹配)
  加载更多：29 → 44 个
  待处理 1 个（第 5 页）
  [ 20分] 新尖科技 | 研发测试工程师 | -K → 技能匹配:路测/实车测试、智驾
  本页全不匹配 (连续 2/3 页无匹配)
  加载更多：44 → 59 个

  ☕ 休息 9s ...


============================================================
📍 北京 | 🔍 ADAS测试 | 🎯 上限 15 份
============================================================
  待处理 2 个（第 1 页）
  [ 30分] 无锡凡特 | ADAS自动驾驶仿真工具开发 | -K → 技能匹配:ADAS/Linux/LIN、ADAS
    ✅ 已投递 (1/15)
  [ 20分]  | ADAS仿真测试工程师 |  → 技能匹配:ADAS/CAN、ADAS
  待处理 2 个（第 2 页）
  [ 20分] 聚人动力 | HIL测试工程师 | -K → 技能匹配:ADAS/CAN、ADAS
  [ 20分] 宁橡新能源汽车电子 | HIL仿真测试工程师 | -K → 技能匹配:ADAS/CAN、ADAS
  本页全不匹配 (连续 1/3 页无匹配)
  加载更多：14 → 29 个
  待处理 2 个（第 4 页）
  [ 20分] 亮道汽车 | adas算法工程师 | -K → 技能匹配:ADAS/CAN、ADAS
  [🟡调整] 20→30分 东信创智 | 动力底盘测试 | -K → 高价值外包跳板+10
  [ 30分] 东信创智 | 动力底盘测试 | -K → 技能匹配:ADAS/CAN、ADAS、高价值外包跳板+10
    ✅ 已投递 (6/19)
  待处理 1 个（第 5 页）
  [ 35分] 极豆车联网 | HIL仿真测试工程师（外派酷睿程全额五险） | -K → 技能匹配:ADAS/Linux/CAN、ADAS
    ✅ 已投递 (7/19)
  加载更多：14 → 29 个

  ☕ 休息 10s ...


============================================================
📍 北京 | 🔍 自动驾驶测试 | 🎯 上限 15 份
============================================================
  待处理 1 个（第 1 页）
  [🔴过滤] 华亿景呈 | 自动驾驶司机 | -K → 纯司机岗无技术→过滤
  本页全不匹配 (连续 1/3 页无匹配)
  加载更多：14 → 29 个
  待处理 4 个（第 3 页）
  [  0分] 亿海蓝 | 无人驾驶系统开发工程师 | -K → 缺少必须关键词: ADAS...
  [ 10分] 木子杨 | 自动驾驶硬件售后维护工程师 | -K → 自动驾驶
  [ 40分] 百度 | 自动驾驶感知测试工程师实习生 | -元/天 → 接受实习/应届、自动驾驶
    ✅ 已投递 (4/18)
  [ 20分]  | 车辆零部件采购经理（自动驾驶卡车） |  → 技能匹配:接管/路测、自动驾驶
  待处理 1 个（第 4 页）
  [ 50分] 滴滴 | 自动驾驶策略产品经理实习生 | -元/天 → 接受实习/应届、技能匹配:接管/路测、自动驾驶
    ✅ 已投递 (6/19)
  待处理 1 个（第 5 页）
  [ 10分] 经纬恒润 | 自动驾驶数据分析工程师 | -K·薪 → 自动驾驶
  本页全不匹配 (连续 1/3 页无匹配)
  加载更多：14 → 29 个

  ☕ 休息 10s ...


============================================================
📍 北京 | 🔍 实车测试 | 🎯 上限 15 份
============================================================
  待处理 1 个（第 1 页）
  [🔴过滤] 中科创达 | 智驾实车标定测试开发工程师（C++） | -K → 外包低薪无技术→过滤
  本页全不匹配 (连续 1/3 页无匹配)
  加载更多：14 → 29 个
  加载更多：29 → 44 个
  待处理 5 个（第 4 页）
  [  5分] 合康新能 | 结构测试认证工程师 | -K·薪 → 技能匹配:实车测试
  [  5分] 大连旭世 | 服务器测试 | -K → 技能匹配:实车测试
  [  5分] 东方晶源 | 电镜测试工程师 | -K·薪 → 技能匹配:实车测试
  [  0分] 冠蜂科技 | 性能中高级测试人员 | -K → 标题包含排除词: 高级
  [  5分] 光维科技 | 激光器测试工程师 | -K·薪 → 技能匹配:实车测试
  本页全不匹配 (连续 2/3 页无匹配)
  加载更多：44 → 59 个
  待处理 3 个（第 6 页）
  [ 45分] 金钢科技 | 机器人整机测试工程师 | -K·薪 → 目标岗位:整机测试、技能匹配:实车测试、机器人
    ✅ 已投递 (7/21)
  [ 40分]  | 【急招】银行测试 |  → 技能匹配:ADAS/Linux/Jira、ADAS
    ✅ 已投递 (8/21)
  [  0分]  | 测试支持部经理 |  → 无匹配

  ☕ 休息 9s ...


============================================================
📍 北京 | 🔍 车载测试 | 🎯 上限 15 份
============================================================
  待处理 3 个（第 1 页）
  [🔴过滤] 博彦科技 | 车载测试（智能驾驶 11.6k 去宁波） | -K → 外包低薪无技术→过滤
  [ 60分] 小米 | 车载测试开发工程师 | -K → 目标岗位:车载测试、接受实习/应届
    ✅ 已投递 (2/16)
  [ 25分] 北京爆款科技 | 车联网测试工程师 | -K → 技能匹配:Linux/LIN/路测、Linux
  待处理 1 个（第 2 页）
  [  0分] 北京雷石天地电子技术 | 车载大客户经理 | -K → 标题包含排除词: 客户经理
  本页全不匹配 (连续 1/3 页无匹配)
  加载更多：14 → 29 个
  待处理 7 个（第 4 页）
  [ 25分] 北京小暗科技有限公司 | 车载嵌入式软件开发工程师 | -K·薪 → 技能匹配:Linux/LIN/路测、Linux
  [🔴过滤] 纬致芯创科技 | 语音测试工程师-驻场小鹏 线上面试 | -K → 外包低薪无技术→过滤
  [ 55分] 北京朗杰 | 车载导航测试工程师（海外路测） | -K → 目标岗位:路测、技能匹配:Linux/LIN/路测、Linux
    ✅ 已投递 (7/20)
  [ 10分]  | 车载总线测试工程师 |  → 自动驾驶
  [ 10分]  | 座舱域测试工程师（常驻北京） |  → 自动驾驶
  [ 10分]  | Tbox测试 |  → 自动驾驶
  [ 10分]  | 车载+软件测试工程师 |  → 自动驾驶
  加载更多：14 → 29 个
  加载更多：29 → 44 个

  ☕ 休息 9s ...


============================================================
📍 武汉 | 🔍 智驾测试 | 🎯 上限 15 份
============================================================
  待处理 3 个（第 1 页）
  [ 20分] 华苏科技 | 功能测试(上车体) | -K → 技能匹配:传感器/路测、传感器
  [ 20分] 荷阁星图 | 网络测试工程师 | -K → 技能匹配:传感器/路测、传感器
  [ 20分] 深圳宝龙达信息技... | 可靠性测试工程师 | -K → 技能匹配:传感器/路测、传感器
  本页全不匹配 (连续 1/3 页无匹配)
  加载更多：14 → 29 个
  待处理 3 个（第 3 页）
  [ 20分] 华苏科技 | hil测试工程师 | -K → 技能匹配:传感器/路测、传感器
  [ 20分] 华苏科技 | 整车实车网络测试 | -K → 技能匹配:传感器/路测、传感器
  [ 20分] 哈哈零兽 | 主管测试工程师 | -K·薪 → 技能匹配:传感器/路测、传感器
  本页全不匹配 (连续 2/3 页无匹配)
  加载更多：29 → 44 个
  待处理 6 个（第 5 页）
  [ 20分] 微派 | 初中级测试工程师 | -K·薪 → 技能匹配:传感器/路测、传感器
  [ 20分] 积煜信息 | 测试工程师（手机/平板） | -K → 技能匹配:传感器/路测、传感器
  [ 20分] 武汉佰钧成技术 | H83035岗自动化测试工程师 | -K → 技能匹配:传感器/路测、传感器
  [ 20分] 深圳市新凯来技术 | NVH测试 | -K·薪 → 技能匹配:传感器/路测、传感器
  [ 20分] 甄十科技 | 相机\影像测试 TSE | -K → 技能匹配:传感器/路测、传感器
  [ 20分] 信安世纪 | 测试工程师(J10051) | -K·薪 → 技能匹配:传感器/路测、传感器
  本页全不匹配 (连续 3/3 页无匹配)

  ☕ 休息 9s ...


============================================================
📍 武汉 | 🔍 ADAS测试 | 🎯 上限 15 份
============================================================
  待处理 1 个（第 1 页）
  [ 40分] 伟世通汽车电子 | 自动化测试工程师 | -K·薪 → 技能匹配:ADAS/CANoe/CAN、ADAS
    ✅ 已投递 (1/15)
  待处理 1 个（第 2 页）
  [ 25分] 极目智能|智能驾驶 | 控制算法工程师（ADAS横向/纵向控制） | -K → 技能匹配:ADAS/传感器/路测、ADAS
  本页全不匹配 (连续 1/3 页无匹配)
  加载更多：14 → 29 个
  待处理 1 个（第 4 页）
  [ 25分] 微派 | 测试工程师（会玩） | -K·薪 → 技能匹配:ADAS/传感器/路测、ADAS
  本页全不匹配 (连续 2/3 页无匹配)
  加载更多：29 → 44 个
  待处理 4 个（第 6 页）
  [ 25分] 黑芝麻智能 | 软件测试工程师(J10002) | -K·薪 → 技能匹配:ADAS/传感器/路测、ADAS
  [ 25分] 经纬恒润 | 智能汽车测试开发工程师 | -K·薪 → 技能匹配:ADAS/传感器/路测、ADAS
  [ 25分] 华工正源光子 | 测试工程师（车载） | -K·薪 → 技能匹配:ADAS/传感器/路测、ADAS
  [ 55分] 宁波朱雀汽车科技 | 智驾车载测试讲师 | -K → 目标岗位:车载测试、技能匹配:ADAS/传感器/路测、ADAS
    ✅ 已投递 (7/20)

  ☕ 休息 10s ...


============================================================
📍 武汉 | 🔍 自动驾驶测试 | 🎯 上限 15 份
============================================================
  待处理 1 个（第 1 页）
  [ 30分] 上海悦行合肥分公司 | 武汉内招C1自动挡驾驶员 | -K → 技能匹配:Linux/LIN/传感器、自动驾驶
    ✅ 已投递 (1/15)
  加载更多：14 → 29 个
  待处理 6 个（第 3 页）
  [ 40分] 融云创新科技 | 机器人测试工程师 | -K → 目标岗位:机器人测试、机器人
    ✅ 已投递 (2/15)
  [ 10分]  | 自动驾驶诊断测试工程师 |  → 自动驾驶
  [  0分]  | 上车体功能测试=长期+周末双休+正常班 |  → 缺少必须关键词: ADAS...
  [ 30分]  | 智能驾驶仿真测试工程师-研发总院 |  → 目标岗位:智能驾驶
    ✅ 已投递 (5/17)
  [ 40分]  | 车企自动驾驶数据标注/质检 |  → 技能匹配:ADAS/Linux/CANoe、ADAS
    ✅ 已投递 (6/17)
  [ 35分]  | 项目经理（自动驾驶方向外包岗） |  → 技能匹配:CANoe/CAN/LIN、自动驾驶
    ✅ 已投递 (7/17)
  待处理 1 个（第 4 页）
  [ 40分] 上海悦行合肥分公司 | 武汉国企直招自动挡驾驶员 | -K → 技能匹配:ADAS/CANoe/CANalyzer、ADAS
    ✅ 已投递 (8/17)
  加载更多：14 → 29 个
  加载更多：29 → 44 个

  ☕ 休息 12s ...


============================================================
📍 武汉 | 🔍 实车测试 | 🎯 上限 15 份
============================================================
  加载更多：14 → 29 个
  加载更多：29 → 44 个
  待处理 4 个（第 3 页）
  [ 15分] 深圳海冰科技有限... | 地图导航测试 工程师 | -K → 技能匹配:CAN、CAN
  [ 15分] 亿纬锂能/锂电池 | BMS整车标定测试工程师 | -K·薪 → 技能匹配:CAN、CAN
  [ 15分] 武汉国创赋能科技... | 声学测试工程师 | -K·薪 → 技能匹配:CAN、CAN
  [ 15分] 岚图汽车 | 规控算法功性能测试工程师 | -K·薪 → 技能匹配:CAN、CAN
  本页全不匹配 (连续 1/3 页无匹配)
  加载更多：44 → 59 个
  待处理 7 个（第 5 页）
  [ 15分] 长盈通光电 | 测试工程师（光纤陀螺） | -K·薪 → 技能匹配:CAN、CAN
  [ 15分] 英博电气 | 测试工程师（安规/并网） | -K·薪 → 技能匹配:CAN、CAN
  [ 15分] 上海银基科技 | 测试工程师(J10427) | -K → 技能匹配:CAN、CAN
  [ 15分] 大连致胜科技 | 自动驾驶仿真测试工程师 | -K → 技能匹配:CAN、自动驾驶
  [ 15分] 骆驼股份 | BMS-测试工程师 | -K → 技能匹配:CAN、CAN
  [ 15分] 海信宽带 | 测试工程师(J41837) | -K → 技能匹配:CAN、CAN
  [ 15分] 华星 | 车载模组测试 | -K·薪 → 技能匹配:CAN、CAN
  本页全不匹配 (连续 2/3 页无匹配)
  加载更多：59 → 74 个

  ☕ 休息 9s ...


============================================================
📍 武汉 | 🔍 车载测试 | 🎯 上限 15 份
============================================================
  待处理 2 个（第 1 页）
  [ 40分] 杭州佰钧成 | 车载测试-智驾 | -K → 目标岗位:车载测试、智驾
    ✅ 已投递 (1/15)
  [ 50分] 迈思信息 | 车载测试（座舱测试，学信统专） | -K → 目标岗位:车载测试、技能匹配:CANoe/CAN、CAN
    ✅ 已投递 (2/15)
  待处理 1 个（第 2 页）
  [ 50分] 深圳漫奢生物科技 | 车载测试工程师（中控、仪表） | -K → 目标岗位:车载测试、技能匹配:传感器/路测、传感器
    ✅ 已投递 (3/15)
  加载更多：14 → 29 个
  待处理 3 个（第 4 页）
  [  0分] 上海英格玛智能科技 | 语音测试工程师 | -K → 无匹配
  [  0分] 深圳智力电源有限公司 | 车载功能测试 | -K → 无匹配
  [  0分] 江苏光晟融合智能技术 | 车载应用开发工程师 | -K → 无匹配
  本页全不匹配 (连续 1/3 页无匹配)
  加载更多：29 → 44 个
  待处理 3 个（第 6 页）
  [  0分] 武汉市儒星科技 | 车载座舱软件测试工程师 | -K → 无匹配
  [  0分] 四方仪器 | 汽车排放测试设备销售工程师 | -K → 标题包含排除词: 销售
  [  0分] 上海礼聪 | 车载自动化测开（短期/可快速到岗！） | -K → 无匹配
  本页全不匹配 (连续 2/3 页无匹配)

  ☕ 休息 11s ...


============================================================
📍 重庆 | 🔍 智驾测试 | 🎯 上限 15 份
============================================================
  待处理 2 个（第 1 页）
  [🟡调整] 40→50分 中科创达 | 测试工程师(A31059) | -K → 高价值外包跳板+10
  [ 50分] 中科创达 | 测试工程师(A31059) | -K → 技能匹配:CANoe/CAN/传感器、智驾、高价值外包跳板+10
    ✅ 已投递 (1/15)
  [  0分] 北京软通动力云计... | 高级测试工程师（国央企外包军工） | -K → 缺少必须关键词: ADAS...
  加载更多：14 → 29 个
  待处理 2 个（第 3 页）
  [  0分] 中科创达 | 座舱测试【车设APP/仪表/AI测试/自动化】 | -K → 缺少必须关键词: ADAS...
  [ 55分] 法本 | 车载测试（大厂外包+全额公积金） | -K → 目标岗位:车载测试、技能匹配:CAN/LIN/通信、CAN
    ✅ 已投递 (4/17)
  加载更多：14 → 29 个
  加载更多：29 → 44 个
  待处理 3 个（第 6 页）
  [  0分] SGS | 化学测试实习生 | -元/天 → 缺少必须关键词: ADAS...
  [  0分] 华苏科技 | BMS-HIL测试 | -K → 缺少必须关键词: ADAS...
  [  0分] 重庆市谐波检验检测 | 【西北】测试专员 | -K → 缺少必须关键词: ADAS...
  本页全不匹配 (连续 1/3 页无匹配)

  ☕ 休息 13s ...


============================================================
📍 重庆 | 🔍 ADAS测试 | 🎯 上限 15 份
============================================================
  待处理 2 个（第 1 页）
  [🔴过滤] 南京华苏 | 车载网络测试=长期项目+周末双休+正常班 | -K → 外包低薪无技术→过滤
  [🔴过滤] 纬致科技上海 | 自动化测试 | -K → 外包低薪无技术→过滤
  本页全不匹配 (连续 1/3 页无匹配)
  加载更多：14 → 29 个
  加载更多：29 → 44 个
  待处理 4 个（第 4 页）
  [ 15分] 中信科智联 | 测试开发工程师(J10092) | -K·薪 → 技能匹配:ADAS、ADAS
  [ 15分] 艾融软件 | 安全渗透测试 | -K → 技能匹配:ADAS、ADAS
  [ 15分] 慧勒科技 | 整车集成测试经理 | -K → 技能匹配:ADAS、ADAS
  [  0分] 西安云遮月 | 游戏高级动画师急聘无测试 | -K → 标题包含排除词: 高级
  本页全不匹配 (连续 2/3 页无匹配)
  加载更多：44 → 59 个
  待处理 4 个（第 6 页）
  [ 15分] 重庆平伟半导体 | 封装测试主管 | -K·薪 → 技能匹配:ADAS、ADAS
  [ 15分] 虬龙科技 | 网络测试工程师 | -K → 技能匹配:ADAS、ADAS
  [ 15分] 西部智联 | 测试工具硬件结构工程师 | -K → 技能匹配:ADAS、ADAS
  [ 15分] 元木风界 | 渗透测试工程师 | -K → 技能匹配:ADAS、ADAS
  本页全不匹配 (连续 3/3 页无匹配)

  ☕ 休息 9s ...


============================================================
📍 重庆 | 🔍 自动驾驶测试 | 🎯 上限 15 份
============================================================
  待处理 1 个（第 1 页）
  [🔴过滤] 上海悦行合肥分公司 | 重庆国企官方直招自动挡驾驶员 | -K → 纯司机岗无技术→过滤
  本页全不匹配 (连续 1/3 页无匹配)
  加载更多：14 → 29 个
  待处理 1 个（第 3 页）
  [ 10分] 北京数智慧才科技 | 自动驾驶3D点云质检（五险一金|租房补贴） | -K → 自动驾驶
  本页全不匹配 (连续 2/3 页无匹配)
  加载更多：29 → 44 个
  待处理 1 个（第 5 页）
  [🔴过滤] 纬致科技北京 | 车载多媒体测试工程师-线上面试 | -K → 外包低薪无技术→过滤
  本页全不匹配 (连续 3/3 页无匹配)

  ☕ 休息 8s ...


============================================================
📍 重庆 | 🔍 实车测试 | 🎯 上限 15 份
============================================================
  加载更多：14 → 29 个
  加载更多：29 → 44 个
  待处理 2 个（第 3 页）
  [  0分] 微创软件 | 用户体验测试工程师 | -K → 缺少必须关键词: ADAS...
  [  0分] 波士科技 | 软件测试主管 | -K·薪 → 缺少必须关键词: ADAS...
  本页全不匹配 (连续 1/3 页无匹配)
  加载更多：44 → 59 个
  待处理 5 个（第 5 页）
  [  0分] 山外山 | 结构测试工程师 | -K·薪 → 缺少必须关键词: ADAS...
  [  0分] 龙威工业 | 龙威工业招聘质量管理/测试工程师 | -K → 缺少必须关键词: ADAS...
  [  0分] 同沃汽车 | 测试工程师（电控/动力方向） | -K → 缺少必须关键词: ADAS...
  [  0分] 重庆华拥储能科技 | 仿真测试工程师 | -K → 缺少必须关键词: ADAS...
  [  0分] 欣雄宇 | 仪表装配及测试 | .-.K → 缺少必须关键词: ADAS...
  本页全不匹配 (连续 2/3 页无匹配)
  加载更多：59 → 74 个

  ☕ 休息 12s ...


============================================================
📍 重庆 | 🔍 车载测试 | 🎯 上限 15 份
============================================================
  待处理 1 个（第 1 页）
  [  5分] 赛力斯汽车 | 车载语音产品经理 | -K → 技能匹配:实车测试
  本页全不匹配 (连续 1/3 页无匹配)
  加载更多：14 → 29 个
  待处理 1 个（第 3 页）
  [  5分] 深圳数金通云计算技术 | fae工程师（车载方向） | -K → 技能匹配:实车测试
  本页全不匹配 (连续 2/3 页无匹配)
  加载更多：29 → 44 个
  待处理 1 个（第 5 页）
  [🔴过滤] 微创软件 | AI座舱测试（语音） | -K → 外包低薪无技术→过滤
  本页全不匹配 (连续 3/3 页无匹配)

  ☕ 休息 11s ...


============================================================
📍 杭州 | 🔍 智驾测试 | 🎯 上限 15 份
============================================================
  加载更多：14 → 29 个
  加载更多：29 → 44 个
  待处理 2 个（第 3 页）
  [  0分] 逍遥一下 | KOOK语音测试工程师 | -K·薪 → 缺少必须关键词: ADAS...
  [  0分] 硕隆 | 中级测试工程师 | -K → 缺少必须关键词: ADAS...
  本页全不匹配 (连续 1/3 页无匹配)
  加载更多：44 → 59 个
  待处理 2 个（第 5 页）
  [  0分] 绿和 | 集成测试 | -K → 缺少必须关键词: ADAS...
  [  0分] 常立科技 | 中高级测试工程师 | -K → 缺少必须关键词: ADAS...
  本页全不匹配 (连续 2/3 页无匹配)
  加载更多：59 → 74 个

  ☕ 休息 9s ...


============================================================
📍 杭州 | 🔍 ADAS测试 | 🎯 上限 15 份
============================================================
  待处理 4 个（第 1 页）
  [ 25分] 浙江玄风科技有限公司 | 算法测试工程师（移动储能车）双休五险一金 | -K → 技能匹配:ADAS/传感器/通信、ADAS
  [🟡调整] 25→35分 软通动力 | 智能网卡测试 | -K → 高价值外包跳板+10
  [ 35分] 软通动力 | 智能网卡测试 | -K → 技能匹配:ADAS/传感器/通信、ADAS、高价值外包跳板+10
    ✅ 已投递 (2/16)
  [ 45分]  | ADAS项目经理 |  → 接受实习/应届、技能匹配:ADAS、ADAS
    ✅ 已投递 (3/16)
  [ 15分]  | 装备测试开发 |  → 技能匹配:ADAS、ADAS
  待处理 2 个（第 2 页）
  [ 45分] 虹软科技 | ADAS测试经理 | -K·薪 → 目标岗位:ADAS测试、技能匹配:ADAS、ADAS
    ✅ 已投递 (5/17)
  [  0分] 福瑞泰克 | 高级测试工程师 | -K·薪 → 标题包含排除词: 高级
  加载更多：14 → 29 个
  待处理 1 个（第 4 页）
  [ 35分] 杭州登元 | 测试与QA工程师 | -K → 技能匹配:ADAS/CANoe/CAN、ADAS
    ✅ 已投递 (7/18)
  加载更多：14 → 29 个
  待处理 1 个（第 6 页）
  [  0分] 成都望望互娱科技 | 软硬件测试工程师 | -K·薪 → 缺少必须关键词: ADAS...
  本页全不匹配 (连续 1/3 页无匹配)

  ☕ 休息 10s ...


============================================================
📍 杭州 | 🔍 自动驾驶测试 | 🎯 上限 15 份
============================================================
  待处理 1 个（第 1 页）
  [ 25分] 上海禾赛科技有限公司 | 智造工艺-测试AME工程师 | -K·薪 → 技能匹配:传感器/毫米波雷达/激光雷达、自动驾驶
  本页全不匹配 (连续 1/3 页无匹配)
  加载更多：14 → 29 个
  待处理 3 个（第 3 页）
  [ 25分] 华为杭研所 | [华为OD]自动驾驶软件测试工程师 | -K → 技能匹配:传感器/毫米波雷达/激光雷达、自动驾驶
  [ 25分] 杭州德朋企业管理 | 猎头顾问（自动驾驶 / 智能汽车赛道） | -K·薪 → 技能匹配:传感器/毫米波雷达/激光雷达、自动驾驶
  [ 25分] 新石器无人车 | 自动驾驶运维工程师 | -K → 技能匹配:传感器/毫米波雷达/激光雷达、自动驾驶
  本页全不匹配 (连续 2/3 页无匹配)
  加载更多：29 → 44 个
  待处理 6 个（第 5 页）
  [ 55分] 阿里巴巴集团 | 达摩院-软件算法测试开发工程师-具身智能 | -K·薪 → 目标岗位:具身智能、技能匹配:传感器/毫米波雷达/激光雷达、自动驾驶
    ✅ 已投递 (5/19)
  [ 20分]  | 无人机测试工程师 |  → 技能匹配:传感器/路测、智驾
  [ 20分]  | 自动驾驶主动安全系统工程师（鉴智项目） |  → 技能匹配:传感器/路测、智驾
  [ 20分]  | 华为自动驾驶运维工程师【OD】 |  → 技能匹配:传感器/路测、智驾
  [ 20分]  | DHU自动化测试工程师（不背调） |  → 技能匹配:传感器/路测、智驾
  [ 20分]  | 自动驾驶多模态大模型算法专家 |  → 技能匹配:传感器/路测、智驾
  待处理 1 个（第 6 页）
  [ 20分] 上海悦行合肥分公司 | 【杭州】自动档接送乘客驾驶员+日结600 | -K → 技能匹配:传感器/路测、智驾
  本页全不匹配 (连续 1/3 页无匹配)

  ☕ 休息 11s ...


============================================================
📍 杭州 | 🔍 实车测试 | 🎯 上限 15 份
============================================================
  加载更多：14 → 29 个
  加载更多：29 → 44 个
  加载更多：44 → 59 个
  待处理 1 个（第 4 页）
  [  0分] 海询科技 | 标定测试技术员 | -K → 无匹配
  本页全不匹配 (连续 1/3 页无匹配)
  加载更多：59 → 74 个
  待处理 3 个（第 6 页）
  [  0分] Firstack | ict测试工程师 | -K·薪 → 无匹配
  [  0分] 特发信息 | 服务器测试工程师 | -K·薪 → 无匹配
  [  0分] 海兴电力 | 测试系统工程师 | -K·薪 → 无匹配
  本页全不匹配 (连续 2/3 页无匹配)

  ☕ 休息 12s ...


============================================================
📍 杭州 | 🔍 车载测试 | 🎯 上限 15 份
============================================================
  待处理 3 个（第 1 页）
  [ 55分] 华苏科技 | 中汽研车载测试（Base芜湖） | -K → 目标岗位:车载测试、技能匹配:CANoe/CAN/通信、CAN
    ✅ 已投递 (1/15)
  [  0分] 零跑科技 | 整车集成测试工程师（智能座舱方向） | -K·薪 → 无匹配
  [  0分] 西图盟 | 车载娱乐交付管理 | -K → 无匹配
  加载更多：14 → 29 个
  待处理 4 个（第 3 页）
  [  0分] 济让 | 车载空调设计工程师 | -K → 无匹配
  [  0分] 虹软科技 | 智能车载产品测试经理 | -K·薪 → 无匹配
  [  0分] 51Camp | vala车载产品结构设计师 | -K → 无匹配
  [  0分] 武汉创赢绿动数字科技 | 软件项目经理（车载智能座舱） | -K → 无匹配
  本页全不匹配 (连续 1/3 页无匹配)
  加载更多：29 → 44 个
  待处理 4 个（第 5 页）
  [  0分] 璀璨智行 | 车载智能座舱底层软件开发工程师 | -K → 无匹配
  [  0分] 浙江富特科技 | 软件功能测试（HIL）工程师 (MJ000576) | -K·薪 → 无匹配
  [  0分] 鸿泉物联网 | 智能座舱（仪表）软件测试工程师 | -K·薪 → 无匹配
  [  0分] 厦门思坦集成科技 | 车载销售工程师 | -K → 标题包含排除词: 销售
  本页全不匹配 (连续 2/3 页无匹配)
  加载更多：44 → 59 个

  ☕ 休息 12s ...


============================================================
📍 成都 | 🔍 智驾测试 | 🎯 上限 15 份
============================================================
  加载更多：14 → 29 个
  待处理 1 个（第 2 页）
  [  0分] 武汉佰钧成技术 | H90339岗 AI算法测试工程师 | -K → 缺少必须关键词: ADAS...
  本页全不匹配 (连续 1/3 页无匹配)
  加载更多：29 → 44 个
  待处理 3 个（第 4 页）
  [  0分] 比罗瓦 | 产品经理（测试方向） | -K → 缺少必须关键词: ADAS...
  [  0分] 北京集联软件科技 | 数据类测试工程师 | -K → 缺少必须关键词: ADAS...
  [  0分] 天阳科技 | 银行功能测试 | -K → 缺少必须关键词: ADAS...
  本页全不匹配 (连续 2/3 页无匹配)
  加载更多：44 → 59 个
  待处理 2 个（第 6 页）
  [  0分] 德威视创 | 技术/测试工程师 | -K → 缺少必须关键词: ADAS...
  [  0分] 轻松互娱 | 社交APP 测试工程师 | -K → 缺少必须关键词: ADAS...
  本页全不匹配 (连续 3/3 页无匹配)

  ☕ 休息 13s ...


============================================================
📍 成都 | 🔍 ADAS测试 | 🎯 上限 15 份
============================================================
  加载更多：14 → 29 个
  待处理 3 个（第 2 页）
  [  0分] 成都墨易智星科技 | 中级测试工程师 | -K·薪 → 缺少必须关键词: ADAS...
  [  0分] 鼎桥技术 | 卫星通信测试工程师 | -K·薪 → 缺少必须关键词: ADAS...
  [  0分] 拼多多集团-PDD | 安规测试工程师（base广东佛山） | -K·薪 → 缺少必须关键词: ADAS...
  本页全不匹配 (连续 1/3 页无匹配)
  加载更多：29 → 44 个
  待处理 4 个（第 4 页）
  [  0分] 法本信息 | 测试工程师1 | -K → 缺少必须关键词: ADAS...
  [  0分] 犀重汽车 | VCU测试资深工程师 | -K → 缺少必须关键词: ADAS...
  [  0分] 四川蜀光智链 | 金融软件测试工程师 | -K·薪 → 缺少必须关键词: ADAS...
  [  0分] 福建融科智联科技 | 测试工程师（成都） | -K → 缺少必须关键词: ADAS...
  本页全不匹配 (连续 2/3 页无匹配)
  加载更多：44 → 59 个
  待处理 5 个（第 6 页）
  [  0分] 成都纵横 | 测试运维工程师（彭州） | -K → 缺少必须关键词: ADAS...
  [  0分] 中招联合 | 测试组长 | -K → 缺少必须关键词: ADAS...
  [  0分] 四川芯电慧鑫科技 | 应用测试工程师 | -K → 缺少必须关键词: ADAS...
  [  0分] 四川华鲲 | poc测试工程师 | -K → 缺少必须关键词: ADAS...
  [  0分] 卓软科技 | 测试工程师-驻场（外企） | -K → 缺少必须关键词: ADAS...
  本页全不匹配 (连续 3/3 页无匹配)

  ☕ 休息 10s ...


============================================================
📍 成都 | 🔍 自动驾驶测试 | 🎯 上限 15 份
============================================================
  加载更多：14 → 29 个
  待处理 2 个（第 2 页）
  [  0分] 慧博云通 | AI自动化测试工程师 | -K → 缺少必须关键词: ADAS...
  [  0分] 卡沃科 | 无人机仿真测试工程师 | -K → 缺少必须关键词: ADAS...
  本页全不匹配 (连续 1/3 页无匹配)
  加载更多：29 → 44 个
  待处理 1 个（第 4 页）
  [  0分] 吉利研究院 | 测试工程师—外包 | -K → 缺少必须关键词: ADAS...
  本页全不匹配 (连续 2/3 页无匹配)
  加载更多：44 → 59 个
  待处理 4 个（第 6 页）
  [  0分] 神州信息 | 自动化测试组长（成都银行项目-最好现场面 | -K → 缺少必须关键词: ADAS...
  [  0分] 博彦科技 | 中级自动化测试 | -K → 缺少必须关键词: ADAS...
  [  0分] 晓多科技 | AI产品自动化测试工程师 | -K → 缺少必须关键词: ADAS...
  [  0分] 智慧尘埃 | 5G基站自动化测试开发工程师 | -K → 缺少必须关键词: ADAS...
  本页全不匹配 (连续 3/3 页无匹配)

  ☕ 休息 11s ...


============================================================
📍 成都 | 🔍 实车测试 | 🎯 上限 15 份
============================================================
  加载更多：14 → 29 个
  待处理 1 个（第 2 页）
  [  0分] 柯莱特集团 | 诊断测试（autosar） | -K → 缺少必须关键词: ADAS...
  本页全不匹配 (连续 1/3 页无匹配)
  加载更多：29 → 44 个
  待处理 2 个（第 4 页）
  [  0分] 中微半导体 | 半导体设备测试工程师 | -K·薪 → 缺少必须关键词: ADAS...
  [  0分] 普华基础软件 | AUTOSAR工具链测试工程师 | -K·薪 → 缺少必须关键词: ADAS...
  本页全不匹配 (连续 2/3 页无匹配)
  加载更多：44 → 59 个
  待处理 3 个（第 6 页）
  [  0分] mps | PTE 量产测试工程师 | -K → 缺少必须关键词: ADAS...
  [  0分] 四川华鲲 | 装备测试 | -K → 缺少必须关键词: ADAS...
  [  0分] 芯盛智能 | 测试工程师（DRAM方向） | -K → 缺少必须关键词: ADAS...
  本页全不匹配 (连续 3/3 页无匹配)

  ☕ 休息 10s ...


============================================================
📍 成都 | 🔍 车载测试 | 🎯 上限 15 份
============================================================
  待处理 1 个（第 1 页）
  [🔴过滤] 法本 | 软件项目管理（车载优先+全额公积金+双休） | -K → 外包低薪无技术→过滤
  本页全不匹配 (连续 1/3 页无匹配)
  加载更多：14 → 29 个
  待处理 1 个（第 3 页）
  [  5分] 北京朗杰 | Android（车载） | -K → 技能匹配:通信
  本页全不匹配 (连续 2/3 页无匹配)
  加载更多：29 → 44 个
  待处理 3 个（第 5 页）
  [  5分] 得逸信息 | android车载赛力斯 | -K → 技能匹配:通信
  [🔴过滤] 柯莱特集团 | CP测试/诊断测试工具测试 | -K → 外包低薪无技术→过滤
  [  0分] 瑞创芯 | FAE高级应用工程师（成都大尺寸-车载） | -K·薪 → 标题包含排除词: 高级
  本页全不匹配 (连续 3/3 页无匹配)

  ☕ 休息 12s ...


============================================================
📍 苏州 | 🔍 智驾测试 | 🎯 上限 15 份
============================================================
  待处理 2 个（第 1 页）
  [ 15分] 苏州金韦云科技 | 车身域测试 | -K → 技能匹配:毫米波雷达、毫米波雷达
  [ 15分] 上海晟之福科技 | 测试 | -K → 技能匹配:毫米波雷达、毫米波雷达
  本页全不匹配 (连续 1/3 页无匹配)
  加载更多：14 → 29 个
  加载更多：29 → 44 个
  待处理 2 个（第 4 页）
  [ 15分] 恒尔威科技(苏州... | 维修测试工程师 | -K → 技能匹配:毫米波雷达、毫米波雷达
  [ 15分] 诸暨芯云 | PTE测试工程师(绍兴) | -K·薪 → 技能匹配:毫米波雷达、毫米波雷达
  本页全不匹配 (连续 2/3 页无匹配)
  加载更多：44 → 59 个
  待处理 5 个（第 6 页）
  [ 15分] 英维克 | 初级测试工程师 | -K·薪 → 技能匹配:毫米波雷达、毫米波雷达
  [ 15分] 苏州宝伦 | 软件测试工程师 | -K → 技能匹配:毫米波雷达、毫米波雷达
  [ 45分] 魔法原子 | 机器人关节模组测试工程师 | -K·薪 → 目标岗位:机器人、技能匹配:毫米波雷达、毫米波雷达
    ✅ 已投递 (7/21)
  [ 15分]  | 测试认证工程师 |  → 技能匹配:传感器、智驾
  [ 15分]  | 信赖性测试工程师 |  → 技能匹配:传感器、智驾

  ☕ 休息 11s ...


============================================================
📍 苏州 | 🔍 ADAS测试 | 🎯 上限 15 份
============================================================
  待处理 1 个（第 1 页）
  [ 30分] 豪米波 | 毫米波雷达功能测试工程师 | -K·薪 → 技能匹配:Linux/LIN/毫米波雷达、自动驾驶
    ✅ 已投递 (1/15)
  加载更多：14 → 29 个
  加载更多：29 → 44 个
  待处理 2 个（第 4 页）
  [ 15分] 百得思维 | 汽车测试工程师六险一金餐补 | -K → 技能匹配:传感器、智驾
  [ 15分] 芯镁信 | mems测试工程师 | -K·薪 → 技能匹配:传感器、智驾
  本页全不匹配 (连续 1/3 页无匹配)
  加载更多：44 → 59 个
  待处理 4 个（第 6 页）
  [ 15分] Seyond图达通 | 标定测试工程师 | -K·薪 → 技能匹配:传感器、智驾
  [ 15分] 高知特智能技术 | 汽车研发测试与数据分析工程师 | -K → 技能匹配:传感器、智驾
  [  0分] 欧菲特 | 测试开发高级工程师 | -K·薪 → 标题包含排除词: 高级
  [  0分] 华为 | 客户化测试高级工程师 | -K·薪 → 标题包含排除词: 高级
  本页全不匹配 (连续 2/3 页无匹配)

  ☕ 休息 13s ...


============================================================
📍 苏州 | 🔍 自动驾驶测试 | 🎯 上限 15 份
============================================================
  加载更多：14 → 29 个
  待处理 3 个（第 2 页）
  [ 45分] Momenta | 自动驾驶agent实习生（C++） | -元/天 → 接受实习/应届、技能匹配:Python、自动驾驶
    ✅ 已投递 (1/15)
  [ 40分]  | 自动化测试 |  → 技能匹配:Linux/Shell/Git、自动驾驶
    ✅ 已投递 (2/15)
  [ 20分]  | 底盘制动标定工程师 (自动驾驶自动泊车)_VM |  → 技能匹配:ADAS/Python、ADAS
  加载更多：14 → 29 个
  待处理 1 个（第 4 页）
  [ 20分] 数据堂 | 自动驾驶数据标注质检员 | -K → 技能匹配:ADAS/Python、ADAS
  本页全不匹配 (连续 1/3 页无匹配)
  加载更多：29 → 44 个
  待处理 6 个（第 6 页）
  [ 20分] 九章智驾 | 自动驾驶行业研究员 | -K·薪 → 技能匹配:ADAS/Python、ADAS
  [ 50分] 锐心观远 | ros机器人测试工程师 | -K → 目标岗位:机器人测试、技能匹配:ADAS/Python、ADAS
    ✅ 已投递 (6/18)
  [ 40分]  | 自动驾驶软件开发工程师（实习） |  → 接受实习/应届、自动驾驶
    ✅ 已投递 (7/18)
  [ 25分]  | 测试交付经理 |  → 技能匹配:Linux/CAN/LIN、智驾
  [ 25分]  | 自动驾驶-定位建图算法工程师 |  → 技能匹配:Linux/CAN/LIN、智驾
  [ 30分]  | 自动驾驶传感器工程师 |  → 技能匹配:Linux/CAN/LIN、智驾
    ✅ 已投递 (10/20)

  ☕ 休息 13s ...


============================================================
📍 苏州 | 🔍 实车测试 | 🎯 上限 15 份
============================================================
  待处理 1 个（第 1 页）
  [  0分] 熵评 | 车身域测试-双休-线上面试 | -K → 缺少必须关键词: ADAS...
  本页全不匹配 (连续 1/3 页无匹配)
  加载更多：14 → 29 个
  加载更多：29 → 44 个
  待处理 3 个（第 4 页）
  [  0分] 清华汽研院 | 测试主管工程师 | -K·薪 → 缺少必须关键词: ADAS...
  [  0分] 苏州优品 | 高速数字信号测试工程师 | -K → 缺少必须关键词: ADAS...
  [  0分] 星恒电源 | 测试工程师(J10874) | -K·薪 → 缺少必须关键词: ADAS...
  本页全不匹配 (连续 2/3 页无匹配)
  加载更多：44 → 59 个
  待处理 4 个（第 6 页）
  [  0分] 西典新能源电气 | 设备测试工程师 | -K → 缺少必须关键词: ADAS...
  [  0分] 杭州芯云海半导体 | FT测试工程师 | -K·薪 → 缺少必须关键词: ADAS...
  [  0分] 东成机电 | 中级功能测试工程师 | -K·薪 → 缺少必须关键词: ADAS...
  [  0分] 新大洲本田摩托(... | 强度 耐久测试工程师 | -K → 缺少必须关键词: ADAS...
  本页全不匹配 (连续 3/3 页无匹配)

  ☕ 休息 9s ...


============================================================
📍 苏州 | 🔍 车载测试 | 🎯 上限 15 份
============================================================
  加载更多：14 → 29 个
  待处理 1 个（第 2 页）
  [ 15分] 思必驰科技股份有... | 车载大模型项目经理 | -K·薪 → 技能匹配:传感器、智驾
  本页全不匹配 (连续 1/3 页无匹配)
  加载更多：29 → 44 个
  待处理 3 个（第 4 页）
  [🟡调整] 15→25分 北京软通动力云计... | 急招车载网络工程师+上市公司 | -K → 高价值外包跳板+10
  [ 25分] 北京软通动力云计... | 急招车载网络工程师+上市公司 | -K → 技能匹配:传感器、智驾、高价值外包跳板+10
  [ 15分] 江苏诺微达自动化科技 | hil测试工程师 | -K → 技能匹配:传感器、智驾
  [ 15分] 南京华泽园物业管理 | 车载嵌入式软件工程师 | -K → 技能匹配:传感器、智驾
  本页全不匹配 (连续 2/3 页无匹配)
  加载更多：44 → 59 个
  待处理 2 个（第 6 页）
  [  0分] 星空计划汽车 | 自动驾驶测试资深工程师/专家 | -K → 标题包含排除词: 资深
  [ 15分] 科大讯飞 | 智能汽车-测试开发工程师-苏州 | -K·薪 → 技能匹配:传感器、智驾
  本页全不匹配 (连续 3/3 页无匹配)

╔══════════════════════════════════════╗
║  全部完成                            ║
║  ✅ 投递: 75  ⏭️ 跳过: 256  ❌ 失败: 0  ║
╚══════════════════════════════════════╝


╔══════════════════════════════════════╗
║  🤖 Job Hunter — 2026-06-19 01:17  ║
╠══════════════════════════════════════╣
║  平台: Boss直聘                         ║
║  城市: 深圳, 上海, 广州, 北京, 武汉      ║
║  搜索词: 智驾测试, ADAS测试, 自动驾驶测试  ║
║  浏览: 3271 岗 | 投递: 800 岗 | 跳过: 2471 岗 ║
╚══════════════════════════════════════╝

  ✅ 所有投递记录（按评分降序）:
  [100分] 苏州金韦云科技         | 车载测试（续航能耗测试/电驱数据拆换件       | -K
  [100分] 智达诚远科技有限公司      | 车载测试工程师-车身,动力,系统,电子电器等    | -K
  [100分]                 | 车载测试工程师（长期+线上面试+稳定）       | 
  [100分] 启强科技            | 车载测试                      | -K
  [100分] 麓测科技            | adas测试工程师                 | -K
  [100分] 上海星光瀚澜智能科技      | 智能驾驶路测工程师                 | -K·薪
  [ 95分] 参穹互衍科技          | 具身智能仿真算法实习生               | -元/天
  [ 85分]                 | 车载测试实习生                   | 
  [ 85分] 智驾新程            | 智能驾驶实车测试实习生(A44172)       | -元/天
  [ 85分]                 | 实习生（智驾测试场景标注）             | 
  [ 80分]                 | 智能驾驶测试实习技师（27届）           | 
  [ 80分] 博彦科技            | 车载测试（底盘测试）                | -K
  [ 80分] 足下科技            | 机器人-智驾系统开发实习生             | -元/天
  [ 80分] 润物科技            | ROS/机器人软件系统工程师            | -K
  [ 80分] 鸿灌              | 自动驾驶测试工程师                 | -K·薪
  [ 75分]                 | 自动驾驶系统测试实习生               | 
  [ 75分] 零一汽车            | 自动驾驶路测与运维工程师              | -K·薪
  [ 75分] 长沙时洽贸易有限公司      | 机器人助理工程师                  | -K
  [ 70分] 中软国际            | 数据采集组长-现场面试（急）            | -K
  [ 70分] 浙江无界矩阵科技        | 车辆测试经理                    | -K
  [ 70分] 特斯拉 Tesla       | 智驾测试（实车测试）技师 - 广州         | -K
  [ 70分] 广州玉团网络科技        | 自动驾驶数据标注员                 | -元/天
  [ 70分] 东软集团            | 座舱智驾测试工程师                 | -K
  [ 70分] 上海秉辙科技有限公司      | 智驾测试工程师                   | -K
  [ 70分] 上海礼聪            | 智驾测试-上海                   | -K
  [ 70分] 软通动力            | 车载测试                      | -K
  [ 70分] 德赛西威            | 实车测试工程师（行车）               | -K
  [ 70分] 上海礼聪            | 智驾实车测试-苏州-线上面试            | -K
  [ 70分]                 | 自动驾驶算法开发实习生               | 
  [ 70分] 深圳市锐明技术         | L4自动驾驶算法测试实习生             | -元/天
  [ 70分] 创睿连科(大连)科技      | 车辆测试工程师                   | -K
  [ 70分] 江苏大块头智驾科技       | 实车测试工程师                   | -K
  [ 70分] 北路智控            | 智能驾驶测试工程师                 | -K·薪
  [ 70分] 四川星河智略网络科技      | 车载测试工程师                   | -K
  [ 70分] 邢台佰纺网络科技        | AI自动驾驶测试驾驶员               | -K
  [ 70分] 苏州优控智行          | ADAS辅助驾驶标定                | -K
  [ 70分] 卉曼科技            | 车载OTA测试                   | -K
  [ 70分]                 | 测试实习生                     | 
  [ 70分] 法本信息            | 自动驾驶安全员/路测-17薪+双休+六险一金    | -K
  [ 70分]                 | 道路自动行驶车辆测试员 工作轻松 五险一金     | 
  [ 70分]                 | 整机测试实习生                   | 
  [ 70分] 上海鑫芯堂科技         | 智能驾驶测试工程师（adas)           | -K
  [ 70分] 理想科技            | adas测试                    | -K
  [ 70分] 软通动力            | 智驾测试                      | -K
  [ 70分] 上海礼聪            | 实车测试（demo演示）-base苏州-线上面试  | -K
  [ 70分] 长沙行深智能科技...     | 实车测试工程师                   | -K
  [ 70分] 华苏科技            | ADAS实车测试                  | -K
  [ 70分] 邓州市灵尧销售经...     | 车载测试工程师                   | -K·薪
  [ 70分] 源柏科技            | ADAS测试工程师                 | -K·薪
  [ 70分] 普华基础软件          | 车载网络测试工程师                 | -K·薪
  [ 70分] 成都天软信息          | 车载测试工程师                   | -K
  [ 70分] 福瑞泰克            | ADAS功能开发实习生               | -元/天
  [ 70分] 浙江零跑科技          | 智能驾驶行车测试工程师-实车            | -K·薪
  [ 70分] 科络达云软件技术...     | 实车测试工程师                   | -K
  [ 70分] 湖北方驰英才教育科技      | 车载测试讲师                    | -K
  [ 70分] 宽凳智云科技          | 自动驾驶道路测试工程师               | -K
  [ 70分] 深圳超转科技          | 嵌入式实习生（机器人/具身智能方向）        | -元/天
  [ 70分] 玄雅科技            | 机器人机械结构设计工程师              | -K
  [ 70分] 瞬联科技            | 智能驾驶数据算法工程师（ADAS ）        | -K
  [ 70分] 斯路森工程技术         | ADAS测试工程师                 | -K
  [ 70分] 宸控智新            | 智能驾驶测试工程师                 | -K
  [ 70分] 迈思信息            | ADAS测试（英语口语）              | -K
  [ 70分] 中慧智安            | 自动驾驶路测数据处理工程师---急招        | -K
  [ 70分] 江苏中汽院汽车工...     | 智能驾驶测试工程师（重庆）             | -K
  [ 70分] 赛力斯汽车           | 智驾测试工程师                   | -K·薪
  [ 70分] 中软国际            | 车载测试（加班费）                 | -K
  [ 65分] SFS             | 车联网测试工程师                  | -K
  [ 65分] 全道科技            | 自动驾驶测试打点员（智驾大厂+单人单车）      | -K
  [ 65分] 上汽大通            | 智能驾驶测试工程师                 | -K·薪
  [ 65分] 地平线             | 智能驾驶系统测试工程师(实车方向)         | -K·薪
  [ 65分] 上海礼聪            | 实车测试（demo演示）-base苏州-线上面试  | -K
  [ 65分] 中软国际            | 车载测试（线上面试+全额公积金）          | -K
  [ 65分] 上海礼聪            | 智驾测试【外企+统本+英语】            | -K
  [ 65分]                 | 自动驾驶规控算法实习生（可转正）          | 
  [ 65分] 泽尔测试            | 自动驾驶测试工程师（数据/法规/测试平台）     | -K
  [ 65分] 德国电信咨询          | adas测试工程师                 | -K·薪
  [ 65分]                 | 自动驾驶测试工程师                 | 
  [ 65分]                 | 车载测试工程师                   | 
  [ 65分] 极豆车联网           | 实车测试工程师（泊车）               | -K
  [ 65分]                 | 实车测试工程师-实车测试&app测试        | 
  [ 65分] 米米无忧            | 自动驾驶测试员（路测司机/地援）双休        | -K·薪
  [ 65分] 信必优             | 自动驾驶测试工程师                 | -K
  [ 65分] 汇英科技有限公司        | 汽车智能驾驶AP系统测试工程师（双休）       | -K
  [ 65分]                 | 测试工程师（26届校招）              | 
  [ 65分] 辉粤              | 招聘无人驾驶测试安全员五险一金包吃         | -K
  [ 65分] 东信创智            | ADAS测试工程师                 | -K
  [ 65分] 启强科技            | 实车测试                      | -K·薪
  [ 65分] 成都锦程智行智能技术      | 自动驾驶测试工程师                 | -K
  [ 65分] 上海礼聪            | 智驾实车测试-苏州岗位-线上面试          | -K
  [ 65分] 纬致芯创科技          | 车载测试-长期稳定                 | -K
  [ 65分] 飞天舟             | 车载测试工程师（Base:惠州，视频面试）     | -K
  [ 65分] 软通动力            | 海外自动驾驶路测工程师               | -K
  [ 65分] 理想科技            | 智能驾驶工程师                   | -K
  [ 65分] 软通动力            | 海外自动驾驶路测工程师               | -K
  [ 65分]                 | 深圳-自动驾驶安全员[6k-8k]五险一金     | 
  [ 65分] 润芯微             | 数据采集测试员（空间智能）             | -K
  [ 65分] 深圳市锐明技术         | 自动驾驶决策规划实习/校招             | -元/天
  [ 65分] 瓴捷科技            | 机器人助理工程师（软件方向）            | -K
  [ 60分] 迅仿              | 自动驾驶测试工程师                 | -K·薪
  [ 60分] 苏州聚功匠科技         | 机器人数据采集                   | -K
  [ 60分] 杭州谨通信息科技        | 上海数据采集（小白实习生都能做，200一天     | -元/天
  [ 60分] 北京软通动力云计...     | 27届实习岗位-数据采集              | -元/天
  [ 60分] 中软国际            | 数据采集组长-现场面试（急）            | -K
  [ 60分] 上海赛赛汽车          | ADAS测试（APA泊车方向）驻浦东长期项目    | -K
  [ 60分] 上海士方科技          | adas测试工程师                 | -K
  [ 60分] 上海士方科技          | adas测试工程师                 | -K
  [ 60分] 智驾新程            | 德国实车测试工程师-行泊方向            | -K
  [ 60分] 柯莱特集团           | BMS测试工程师（实车测试）            | -K
  [ 60分] 克莱蒙特            | ADAS实车测试                  | -元/时
  [ 60分] 极氪汽车            | [急招][实习生]车载软件测试工程师        | -元/天
  [ 60分] 沈阳美欧迪汽车技术       | 车载测试工程师                   | -K
  [ 60分] NIO蔚来           | 智能辅助驾驶算法评测实习生             | -元/天
  [ 60分]                 | 随时到岗I车载测试实习生I不卡学校I亦庄      | 
  [ 60分] 小米              | 车载测试开发工程师                 | -K
  [ 60分] 上海翼锐汽车科技        | adas测试工程师 外派安徽大众          | -K
  [ 60分] 安徽佳通乘用子午...     | 实车测试工程师                   | -K
  [ 60分]                 | 车载测试                      | 
  [ 60分] polelink        | 广汽车身-车身域测试工程师             | -K
  [ 60分] 版石软件(上海)        | 测试-ADAS辅助驾驶系统-对日企业        | -K
  [ 60分] 晓枫股份            | 智驾测试工程师                   | -K
  [ 60分] 中瓴智行            | 车载测试实习                    | -元/天
  [ 60分] 晓枫股份            | 智驾测试工程师                   | -K
  [ 60分] 清华大学应用研究院       | 产品经理实习生（自动驾驶/具身智能方向）      | -元/天
  [ 60分] 铮旗信息            | 车载测试                      | -K
  [ 60分]                 | 测试 实习生                    | 
  [ 60分] 伟博科技            | 匹配测试工程师（应届生）              | -K·薪
  [ 60分]                 | 智能驾驶底层软件测试工程师_BCSC        | 
  [ 60分] 零跑科技            | adas测试工程师                 | -K·薪
  [ 60分] 西图盟             | 智能驾驶测试工程师                 | -K
  [ 60分] 德中电子科技          | ADAS测试工程师                 | -K
  [ 60分] 纬致芯创科技          | 车载测试工程师（一轮面试，年后入职）        | -K
  [ 60分] ZD              | 车载测试（多个方向）                | -K
  [ 60分]                 | 自动驾驶测试工程师                 | 
  [ 60分] 纬致科技北京          | 机器人运控算法测试(人形机器人)          | -K
  [ 60分] 佳壹信息            | 智驾测试助理（实车路测 + Linux/Pytho | -K
  [ 60分] 深圳市芯光丰科技        | 深圳-自动驾驶安全员[测试员]           | -K
  [ 60分] 曹操出行            | 测试工程师                     | -K·薪
  [ 60分] 神州信息            | 性能测试                      | -K
  [ 60分] altenchina      | 车载测试工程师(仪表/统本)            | -K·薪
  [ 60分] 河南比卢信息科技        | 初级车载测试工程师（应届生可投/晋升情绪      | -K
  [ 55分] 伯镭科技            | 自动驾驶测试工程师                 | -K
  [ 55分] 采埃孚亚太集团有...     | ADAS实车测试工程师               | -K·薪
  [ 55分]                 | 智能驾驶测试                    | 
  [ 55分] 佳众诚新能源          | 测试工程师/新能源电池储能行业/接受应届生     | -K
  [ 55分]                 | 实车测试专家（Tech Lead）         | 
  [ 55分] 微创软件            | 车载测试（语音助手）工程师             | -K
  [ 55分] 软通动力            | 车载测试分析工程师                 | -K
  [ 55分] 中软国际            | 车载测试工程师【面试快+全额公积金+双休】     | -K·薪
  [ 55分]                 | 车载电源软件实习生(A46780)         | 
  [ 55分] 北京朗杰            | 车载导航测试工程师（海外路测）           | -K
  [ 55分] 吉利研究院           | adas测试工程师                 | -K
  [ 55分] 润和软件            | 车载测试（核验社保）                | -K
  [ 55分] 润和软件            | 车载测试工程师（ota/t-box）        | -K
  [ 55分] 虹潭岭             | 智驾测试                      | -K
  [ 55分] 晟拓              | 智驾测试项目经理                  | -K
  [ 55分] 摩太科技            | 车载测试                      | -K
  [ 55分] 行展软件            | 车载测试工程师                   | -K
  [ 55分] 雅迅智联            | 车载测试工程师（江淮驻厂）             | -K
  [ 55分] 上海众诚汽车工程技术      | 高阶智驾测试工程师                 | -K
  [ 55分] ZD              | 车载测试（车身）                  | -K
  [ 55分]                 | 车载测试工程师-宁波                | 
  [ 55分] 埃科汽车            | ADAS测试工程师                 | -K·薪
  [ 55分] 广汽集团            | 智驾测试工程师                   | -K·薪
  [ 55分] 纬致科技北京          | 实车测试工程师                   | -K
  [ 55分]                 | 车载测试                      | 
  [ 55分] 纬致芯创科技          | 车载测试工程师（小鹏）               | -K
  [ 55分] 小鹏汇天            | 车载测试（车机HIL方向）             | -K·薪
  [ 55分]                 | 机器人工厂安全员                  | 
  [ 55分] 泰保企业服务          | L4自动驾驶测试工程师               | -K
  [ 55分] 东信创智            | adas测试工程师                 | -K
  [ 55分] 骏玖电子            | 座舱智驾测试工程师                 | -K·薪
  [ 55分] 极豆车联网           | 实车测试工程师（泊车方向）             | -K
  [ 55分] 中软国际            | 车载测试工程师                   | -K
  [ 55分] 信必优Symbio       | 急招车载测试【尽快到岗，需有3年驾龄】       | -K
  [ 55分] 飞天舟             | 车载测试工程师（线上面试）             | -K
  [ 55分] 成都天软信息          | 车载测试工程师                   | -K
  [ 55分]                 | 座舱智能体 智能驾驶 大模型开发 AI特性     | 
  [ 55分] 虹软科技            | 自动驾驶产品经理实习生（可转正）          | -元/天
  [ 55分] 阿里巴巴集团          | 达摩院-软件算法测试开发工程师-具身智能      | -K·薪
  [ 55分] 华苏科技            | 中汽研车载测试（Base芜湖）           | -K
  [ 55分] 云兆智联            | 智能驾驶仿真测试                  | -K
  [ 55分] 宁波朱雀汽车科技        | 智驾车载测试讲师                  | -K
  [ 55分] 京东物流            | L4智驾测试                    | -K·薪
  [ 55分] 卓驭              | 车载测试工程师                   | -K·薪
  [ 55分] 人瑞网络科技          | 机器人数据采集~长期合同~外包~一轮面试      | -K
  [ 55分] 澳谷智能科技          | 机器人测试工程师                  | -K
  [ 55分] 杭州七凌            | 机器人软件测试                   | -K
  [ 55分] 广州柒澄科技有限公司      | 机器人运维/技术工程师               | -K·薪
  [ 55分] 玲珑塔科技           | 硬件测试（嵌入式-机器人-外派影智科技）      | -K
  [ 55分] 北京和川智远科技        | 自动驾驶路测工程师                 | -K
  [ 55分] 太仓艾博科智能科技       | adas测试助理工程师               | -K·薪
  [ 55分] 法本              | 车载测试工程师                   | -K
  [ 55分] 苏州方寸智能科技        | 机器人开发测试实习生                | -元/天
  [ 55分]                 | 机器人测试负责人                  | 
  [ 55分]                 | 车载测试负责人                   | 
  [ 55分] 蚂蚁集团            | （重庆）标注项目运营-智能驾驶方向         | -K·薪
  [ 55分] 华苏科技            | 车载测试工程师                   | -K
  [ 55分] 宁波朱雀汽车科技        | 座舱车载测试讲师                  | -K
  [ 55分] 重庆小猿科技有限公司      | 车载测试讲师                    | -K
  [ 55分]                 | 车载测试开发工程师                 | 
  [ 55分] 法本              | 车载测试（大厂外包+全额公积金）          | -K
  [ 50分] 中科创达            | 实车测试工程师（自动驾驶）             | -K
  [ 50分] 唐山小豆            | 机器人数据采集员                  | -K
  [ 50分] 煊鋆信息            | 数据采集专员                    | -K
  [ 50分] 集识光年            | 数据采集兼职                    | -元/时
  [ 50分] 比亚迪汽车工业         | 智能驾驶实车测试工程师               | -K
  [ 50分] 智驾新程            | 实车测试工程师                   | -K·薪
  [ 50分] 时代云驰            | 车载测试工程师                   | -K
  [ 50分] 杭州绿石科技创业        | 智驾测试开发工程师                 | -K
  [ 50分] 上海赛赛汽车          | ADAS智驾测试                  | -K
  [ 50分] 法本              | 项目经理（智驾测试经验）              | -K
  [ 50分]                 | 智能驾驶域控系统测试                | 
  [ 50分] 版石软件(上海)        | 车载软件开发测试 (ADAS辅助驾驶--统专)   | -K
  [ 50分] 中科创达            | 自动驾驶测试开发工程师               | -K
  [ 50分]                 | ADAS测试工程师（主动安全测试）         | 
  [ 50分] 上海瑞应人才科技        | 智能驾驶ADAS技术工程师（黑芝麻，好项目）    | -K
  [ 50分]                 | ADAS测试工程师                 | 
  [ 50分] 上海悦行合肥分公司       | 内招C1自动挡驾驶员                | -K
  [ 50分] 纬致科技北京          | L4自动驾驶测试                  | -K
  [ 50分] 克莱蒙特            | ADAS测试工程师                 | -K
  [ 50分] 智驾新程            | adas智能驾驶硬件工程师             | -K·薪
  [ 50分]                 | 车载测试工程师                   | 
  [ 50分] 滴滴              | 自动驾驶策略产品经理实习生             | -元/天
  [ 50分] 寅家科技            | 测试实习生                     | -元/天
  [ 50分] 美图公司            | 测试开发实习生（厦门） (MJ002118)    | -元/天
  [ 50分] 杰芯科技有限公司        | 软件测试助理工程师/接受应届无经验         | -K
  [ 50分] 启强科技            | 智能驾驶测试工程师 (实车测试)          | -K·薪
  [ 50分] 人瑞网络科技          | 实车测试工程师                   | -K
  [ 50分] 信必优Symbio       | L4自动驾驶测试（数据分析方向）          | -K
  [ 50分] 东信创智            | 车载测试（车身域测试）               | -K
  [ 50分]                 | 诚招！无人汽车驾驶安全员 五险一金 待遇好     | 
  [ 50分] 信必优Symbio       | 自动驾驶道路测试工程师-数据分析/L4/仿真    | -K
  [ 50分] 四川省才佑科技         | 自动驾驶测试员+薪资6k+季度绩效+五险一金    | -K
  [ 50分] 联想懂的通信          | 自动驾驶安全员                   | -K
  [ 50分] 北京能科瑞元有限公司      | 自动驾驶安全员（现场面试）             | -K
  [ 50分] 惠宇科技            | 会开车的来！驾驶安全员测试 五险一金        | -K
  [ 50分]                 | 自动驾驶测试员+双休+五险一金+17薪+黄埔    | 
  [ 50分]                 | 6000+无人汽车驾驶安全员 五险一金工作轻松   | 
  [ 50分] 黑河市易威斯集中...     | 自动驾驶测试                    | -K
  [ 50分] 四川启明同舟数字科技      | 双休不加班 智驾测试员               | -K
  [ 50分] 纬致芯创科技          | ADAS测试工程师（吉利，一轮面试，双休）     | -K
  [ 50分] 同舟技术            | adas测试                    | -K
  [ 50分] 上海橘盈科技有限公司      | Adas实车测试（会开车，全流程测试）       | -K·薪
  [ 50分] 中科创达            | 初级车辆测试（初级技术员）(A13170)     | -K
  [ 50分] 中软国际            | 车载测试工程师                   | -K
  [ 50分] 素医健康            | 车载测试工程师                   | -K
  [ 50分] 北京云万信息科技        | 车载测试工程师                   | -K
  [ 50分] 承影科技            | 车载测试工程师                   | -K
  [ 50分] 璀璨智行            | 实车测试中级工程师                 | -K
  [ 50分] 迈思信息            | 车载测试（座舱测试，学信统专）           | -K
  [ 50分] 深圳漫奢生物科技        | 车载测试工程师（中控、仪表）            | -K
  [ 50分] 法本              | 智驾测试（标注）                  | 
  [ 50分] 深圳市锐明技术         | 产品助理实习生-自动驾驶产品(J12457)    | -元/天
  [ 50分]                 | 自动驾驶数据诊断员                 | 
  [ 50分] 全晓信息            | 车载测试（通信 车联网）              | -K
  [ 50分] 杭州昌瑞软件有限公司      | 机器人测试（包食宿-线上面试-长沙上班）      | -K
  [ 50分] 深圳市锐明技术         | 算法测试实习生(J11848)           | -元/天
  [ 50分]                 | 自动驾驶测试交付工程师               | 
  [ 50分] 软通动力            | 自动驾驶车辆测试员-珠海              | -K
  [ 50分] 斯路森工程技术         | ADAS测试工程师                 | -K
  [ 50分] 上海礼聪            | 智驾实车测试-苏州                 | -K
  [ 50分] 欧冶半导体           | 实车测试工程师（外包）               | -K
  [ 50分] 迈思信息            | ADAS测试工程师（英语可开口）          | -K
  [ 50分] 锐心观远            | ros机器人测试工程师               | -K
  [ 50分] 华苏科技            | 车载测试（全模块）                 | -K
  [ 50分] 上海思芮            | 车载测试（座舱、ota、车控、车身等其他）     | -K
  [ 50分] 中科创达            | 测试工程师(A31059)             | -K
  [ 50分] 深圳市锐明技术         | 算法测试实习生(J12082)           | -元/天
  [ 45分] 几何伙伴智能驾驶        | 自动驾驶测试安全员                 | 
  [ 45分] 辰海智驾测试          | 自动驾驶安全员                   | -K
  [ 45分] 几何伙伴智能驾驶        | L4自动驾驶测试工程师               | -K
  [ 45分] 英特莱汽车           | 智能座舱/辅助驾驶测试【驾驶员】—安全员      | -K
  [ 45分] 苏州数采智联科技        | NOA智驾安全员（上海/深圳/芜湖）        | -K
  [ 45分] 全道科技            | 自动驾驶安全员（车企大厂）             | -K
  [ 45分] 盟识科技            | 自动驾驶测试工程师岗位               | -K
  [ 45分] 文远知行            | 自动驾驶平台开发实习生 (2027届-可转正)   | -元/天
  [ 45分] 上海携玉信息科技        | 数据采集                      | -K
  [ 45分] 上海星途标注科技        | 数据采集兼职                    | -元/时
  [ 45分] 云百讯             | 机器人数据采集专员                 | -K
  [ 45分] 科度信息            | 外业采集员（暑期实习）               | -元/天
  [ 45分] 时代云驰            | 车联网测试工程师                  | -K
  [ 45分] 一汽大众            | adas测试工程师                 | -K
  [ 45分] 软件评测            | adas测试工程师（RCW/SBR）        | -K
  [ 45分] 景烁科技            | 智驾测试量产QA—包三餐+单休           | -K
  [ 45分] 软通动力            | 车载测试                      | -K
  [ 45分] 时代云驰            | 车载测试工程师                   | -K
  [ 45分] 沈阳美欧迪汽车技术       | 车载测试工程师                   | -K
  [ 45分] 哈啰普惠            | 自动驾驶测试工程师/专家（实车测试）        | -K·薪
  [ 45分] 版石软件(上海)        | 车载测试-ADAS-会日语-需要到面        | -K
  [ 45分] 一汽大众            | 助理ADAS测试工程师               | -K
  [ 45分] ARRK Engineering | ADAS Testing Engineer ADA | -K·薪
  [ 45分] 上海赛赛汽车          | adas测试工程师APA              | -K
  [ 45分] 版石软件(上海)        | 车载软件开发测试~ADAS辅助驾驶~双休      | -K
  [ 45分]                 | 自动驾驶道路测试工程师               | 
  [ 45分] 金钢科技            | 机器人整机测试工程师                | -K·薪
  [ 45分] 中科创达            | 车载测试pm(adas)              | -K
  [ 45分]                 | 车载测试                      | 
  [ 45分] 艾尔动力            | ADAS智能驾驶机器人测试工程师          | -K
  [ 45分] 安徽领目            | adas测试工程师                 | -K
  [ 45分]                 | ADAS测试                    | 
  [ 45分] 经纬恒润            | 自动驾驶测试工程师                 | -K
  [ 45分] 重庆软维科技有限公司      | 智能驾驶测试                    | -K
  [ 45分] 宁橡新能源汽车电子       | 智能驾驶 / ADAS 仿真测试工程师       | -K
  [ 45分] 西图盟             | 智能驾驶测试工程师                 | -K
  [ 45分] 西图盟             | 智能驾驶测试工程师                 | -K
  [ 45分] 吉利研究院           | 智能驾驶测试【外包岗位】              | -K
  [ 45分] 西图盟             | 智能驾驶测试工程师                 | -K
  [ 45分]                 | 智驾测试工程师                   | 
  [ 45分] 济让              | 车载测试工程师（吉利外协）             | -K
  [ 45分]                 | 智能驾驶测试工程师 (智能驾驶测试)        | 
  [ 45分] 孔像汽车            | 自动驾驶测试工程师                 | -K
  [ 45分]                 | 智能驾驶安全员                   | 
  [ 45分] 启强科技            | 智驾测试                      | -K
  [ 45分] 骏玖电子            | 座舱智驾测试工程师                 | -K·薪
  [ 45分] 埃科汽车            | 智驾测试工程师+双休+五险一金           | -K·薪
  [ 45分] 智达诚远            | 车载测试（台架/座舱/语音）-宁波吉利       | -K
  [ 45分] 允皓智能            | 海珠 智能驾驶测试 五险一金 包吃         | -K
  [ 45分] 宇莱智能科技          | 自动车辆测试安全员 五险一金 5-9K 福利多   | -K
  [ 45分] 沈阳职通未来信息技术      | 自动驾驶路测安全员（广州） | 五险一金      | -K
  [ 45分] 茂名市惠宇科技信息       | 无人驾驶安全员（可接受无经验）           | -K
  [ 45分] 东信创智            | 车载测试工程师                   | -K
  [ 45分] 宇莱智能            | 招广州海珠区无人驾驶测试安全员 五险一金      | -K
  [ 45分] 乐萌少儿编程思维中心      | 机器人教学主管                   | -K
  [ 45分]                 | （自动驾驶无人车）初级测试工程师【实习】      | 
  [ 45分]                 | 车辆测试员                     | 
  [ 45分] 匀极网络科技有限公司      | 自动驾驶安全员|10万公里老司机|五险一金     | -K
  [ 45分] 上海星光瀚澜智能科技      | L4自动驾驶道路测试工程师             | -K
  [ 45分] 东南维通            | 自动驾驶实车测试操作工程师             | -K
  [ 45分] 软通动力            | 智驾测试                      | -K
  [ 45分] 软通动力            | 线上面试/早九晚六/智驾测试            | -K
  [ 45分] 上海弈之杰信息技...     | ADAS智驾测试工程师               | -K
  [ 45分] 成都天软信息          | 车载测试工程师                   | -K
  [ 45分] 冲合信息技术          | 自动驾驶测试工程师                 | -K
  [ 45分] 无锡车联天下智能科技      | 车载测试专家                    | -K·薪
  [ 45分] 药明生物            | 机械自动化专业应届生 (MJ010021)     | -K
  [ 45分] 中科创达            | 智驾车载测试工程师                 | -K
  [ 45分] 盖硕网络            | 智能驾驶测试开发工程师               | -K
  [ 45分] 汉克时代            | 测试工程师（汽车）                 | -K
  [ 45分] 宽凳智云科技          | 自动驾驶道路测试工程师               | -K
  [ 45分] 杭州酷移机器人         | 自动驾驶安全员                   | -K
  [ 45分] 零跑科技            | 智驾测试工程师                   | -K·薪
  [ 45分] 曹操出行            | L4车载测试工程师                 | -K·薪
  [ 45分] 虹软科技            | ADAS解决方案工程师（校招）           | -K
  [ 45分] 零跑科技            | 智能驾驶泊车测试工程师               | -K·薪
  [ 45分]                 | 自动驾驶测试工程师                 | 
  [ 45分]                 | ADAS项目经理                  | 
  [ 45分] 虹软科技            | ADAS测试经理                  | -K·薪
  [ 45分] 联想集团            | 智驾测试工程师                   | -K
  [ 45分] 辽宁宏图            | 自动驾驶安全员——武汉               | -K
  [ 45分] 河南炎壤信息科技        | 智能驾驶测试工程师（六险二金/不加班）       | -K
  [ 45分] 拓维云创            | 车载测试                      | -K
  [ 45分] 深圳市一零二四机...     | 自动驾驶测试                    | -K
  [ 45分] 瞳行智联            | 车载测试岗位                    | -K·薪
  [ 45分]                 | 智能驾驶（行车）软件测试工程师           | 
  [ 45分] 比亚迪汽车工业         | 自动驾驶测试验收工程师               | -K
  [ 45分] 深圳市洁傲智能科...     | 整机测试工程师（小家电）              | -K
  [ 45分] 分音塔科技           | 机器人测试工程师                  | -K
  [ 45分] 分音塔科技           | 机器人测试工程师                  | -K
  [ 45分] 上海泰捷通信技术        | 机器人运维工程师                  | -K
  [ 45分] 自变量机器人          | 机器人研发测试助理                 | -K
  [ 45分] 北京软通动力云计...     | 传感器测试工程师                  | -K
  [ 45分] 软通动力            | 自动驾驶测试员（大厂外包岗）            | -K
  [ 45分] 西安星矩网络科技        | 无人车驾驶路测/司机                | -K·薪
  [ 45分] 米米无忧            | 珠海双休 + 五险一金智驾测试员          | -K
  [ 45分] 四川启明同舟数字科技      | 智驾测试员                     | -K
  [ 45分] 迈思信息            | 车载测试（ADAS经验 英语口语）         | -K
  [ 45分] 睿驰智车            | adas测试工程师助理               | -K
  [ 45分] 轻舟智航            | L4自动驾驶路测工程师               | -K·薪
  [ 45分] 上海舟恩信息          | 车载测试（嵌入式测试/复试现场）          | -K
  [ 45分] 晓枫股份            | 智驾测试主管                    | -K
  [ 45分] 魔法原子            | 机器人关节模组测试工程师              | -K·薪
  [ 45分] Momenta         | 自动驾驶agent实习生（C++）         | -元/天
  [ 45分] 德宜溪谷            | ADAS测试工程师                 | -K·薪
  [ 45分] 德宜溪谷            | 自动驾驶数据闭环实习生（数据验收方向）       | -元/天
  [ 45分] 中软国际            | 车载测试工程师                   | -K
  [ 45分] 江苏泽景            | 车载测试                      | -K·薪
  [ 45分] 上海思芮            | 车载测试工程师(集团/长期/双休/批量/紧急)   | -K
  [ 45分] 仕博测试            | 智能驾驶路测工程师                 | -K·薪
  [ 40分]                 | C驾照 自动驾驶安全员 智驾司机 双休       | 
  [ 40分] 中软国际            | 数据分析-自动驾驶方向               | -K
  [ 40分] 斯年智驾            | 自动驾驶测试实施工程师               | -K
  [ 40分]                 | 自动驾驶测试安全员                 | 
  [ 40分]                 | 自动驾驶软件实习生                 | 
  [ 40分] 畅云创客            | 具身智能数据采集员（包住宿）            | -元/天
  [ 40分]                 | 智驾数据采集运营质检（外业采集）          | 
  [ 40分] 37℃data         | 上海机器人数据采集员                | -元/天
  [ 40分] 荣晟智能            | 地图数据采集工程师                 | -K
  [ 40分] 复川              | 兼职数据采集——上海                | -元/时
  [ 40分] 慧翰股份            | 车联网测试助理                   | -K·薪
  [ 40分] 大连智捷企业管理...     | 车联网测试工程师-日英双语             | -K
  [ 40分] 极豆车联网           | Android开发工程师【车联网/智能座舱】    | -K·薪
  [ 40分]                 | OTA台架测试                   | 
  [ 40分]                 | 压缩机测试                     | 
  [ 40分] 采埃孚亚太集团有...     | 车辆测试工程师                   | -K·薪
  [ 40分]                 | 5G测试工程师                   | 
  [ 40分] 上海吾创            | 台架测试技师                    | -K
  [ 40分] 盟识科技            | 自动驾驶测试工程师-00025           | -K
  [ 40分]                 | 自动驾驶测试研发工程师（上海）           | 
  [ 40分] 李斯特技术中心(...     | 自动驾驶测试                    | -K
  [ 40分] 奇瑞汽车            | 智能驾驶泊车测试工程师               | -K
  [ 40分]                 | 自动驾驶系统工程师                 | 
  [ 40分] 艺溪云智科技          | 自动驾驶测试工程师                 | -K
  [ 40分] 曹操出行            | 新能源车司机会开自动挡就行             | -K
  [ 40分] 全道科技            | 自动驾驶测试驾驶员                 | -K
  [ 40分] 软通动力            | 自动驾驶测试(外派互联网大厂)           | -K
  [ 40分] 新石器慧通           | 【实习生】软件测试工程师（自动驾驶方向）      | -元/天
  [ 40分] 白犀牛             | 自动驾驶仿真工程师实习生              | -元/天
  [ 40分]                 | 智能网联自动驾驶感知算法实习生           | 
  [ 40分]                 | 科研助理实习-自动驾驶场景生成           | 
  [ 40分] 软件评测            | 智驾测试工程师（NOA）              | -K
  [ 40分] 北京出行            | 自动驾驶安全员                   | -K
  [ 40分] 白犀牛             | 自动驾驶算法实习生                 | -元/天
  [ 40分]                 | 自动驾驶系统测试实习生               | 
  [ 40分]                 | 自动驾驶系统实习生                 | 
  [ 40分]                 | 感知基座模型实习生-【自动驾驶】          | 
  [ 40分] 北京新都远景网络        | 自动驾驶测试                    | -K
  [ 40分] 百度              | 自动驾驶感知测试工程师实习生            | -元/天
  [ 40分]                 | 【急招】银行测试                  | 
  [ 40分] 江苏零浩            | 测试与安全                     | -K
  [ 40分] 软通动力            | 车载测试开发                    | -K
  [ 40分] 外企德科数字          | 大厂开发/测试/算法类（接受应届）         | -K·薪
  [ 40分] 易诚高科            | TBOX测试工程师                 | -K
  [ 40分] 松勤              | 车载测试助教讲师                  | -K
  [ 40分] 西安光脉汇嘉          | 智驾安全员                     | -K
  [ 40分] 万科物业            | 自动驾驶测试/短期6个月              | -K
  [ 40分] 经纬恒润            | 自动驾驶数据分析工程师               | -K
  [ 40分] 天津号易莱网通信...     | 游戏测试专员，无责底薪+双休，接受小白7K+    | -K
  [ 40分] 天津经纬恒润          | ADAS系统工程师                 | -K·薪
  [ 40分] 中科慧眼            | ADAS算法工程师-主动安全方向          | -K·薪
  [ 40分]                 | adas系统工程师                 | 
  [ 40分] 北京淞江科技有限公司      | 汽车电子工程师                   | -K
  [ 40分] 德力仪器设备          | 光路测试                      | -K
  [ 40分] 全晓信息            | 测试工程师-python              | -K
  [ 40分] 凯泽利             | ADAS功能设计开发                | -K
  [ 40分] 瑞立科密            | ADAS仿真工程师                 | -K·薪
  [ 40分] 中环储越            | 测试工程师                     | -K
  [ 40分] 石家庄划划科技         | 自动智能驾驶测试司机很简单.每天5到7小时.    | -K
  [ 40分] 研盟智控            | 测试员                       | -K·薪
  [ 40分] 软通动力            | UAT测试工程师（粤语+简单英文+银行项目）    | -K
  [ 40分] 网新恒天软件          | 测试工程师-外派电力项目              | -K·薪
  [ 40分] 深圳市芯光丰科技        | 生物岛自动驾驶安全员 6-10K 前景好 新趋势  | -K
  [ 40分] 广东汇博            | 工业机器人教师                   | -K
  [ 40分]                 | 整机测试工程师---深圳              | 
  [ 40分]                 | 机器人技术支持工程师                | 
  [ 40分] 江弘科技            | 机器人软件工程师                  | -K
  [ 40分]                 | 机器人仿真工程师                  | 
  [ 40分] 亿瑜              | 无人驾驶安全员                   | -K
  [ 40分] 全道科技            | 自动驾驶测试问题分析工程师             | -K
  [ 40分] 人瑞网络科技          | 路测问题分析员-带薪培训              | -K
  [ 40分] 安智杰研发中心         | adas软件开发工程师               | -K
  [ 40分] 与睿创新            | 测试工程师（智能外科方向）             | -K
  [ 40分] 未有科技            | 智能驾驶地图定位工程师               | -K·薪
  [ 40分] 景烁科技            | 自动驾驶标注                    | -K
  [ 40分] 一汽大众            | 助理智能驾驶产品工程师【捷达】           | -K
  [ 40分]                 | 自动驾驶测试工程师                 | 
  [ 40分] 锐明智通科技          | 自动驾驶感知算法实习生               | -元/天
  [ 40分] 明月华炎            | 车载Android（成都）             | -K
  [ 40分]                 | 智能终端测试工程师                 | 
  [ 40分] 北京软通动力云计...     | 座舱软件测试-双休/大厂外包            | -K
  [ 40分] 康明斯天远北京分公司      | 车载测试工程师                   | -K
  [ 40分]                 | 仓储自动化海外项目专员【直管用工】         | 
  [ 40分] 杭州三陆五           | 智驾测试-懂智驾会开车就行             | -K
  [ 40分] 大连致胜科技          | ADAS仿真测试工程师               | -K
  [ 40分] 谱尼              | 汽车热管理测试                   | -K
  [ 40分]                 | 自动驾驶安全员-武汉                | 
  [ 40分] 威盛              | 自动驾驶算法研究实习生               | -元/天
  [ 40分]                 | 自动驾驶安全员                   | 
  [ 40分] 伟世通汽车电子         | 自动化测试工程师                  | -K·薪
  [ 40分] 融云创新科技          | 机器人测试工程师                  | -K
  [ 40分]                 | 车企自动驾驶数据标注/质检             | 
  [ 40分] 上海悦行合肥分公司       | 武汉国企直招自动挡驾驶员              | -K
  [ 40分] 杭州佰钧成           | 车载测试-智驾                   | -K
  [ 40分] 法本              | 鸿蒙测试                      | -K
  [ 40分]                 | 软件测试（智驾 龙岗）               | 
  [ 40分] 佑驾创新            | ADAS项目经理                  | -K
  [ 40分] 美团              | 无人车测试安全员                  | -K
  [ 40分] 同舟技术            | 车载ivi测试                   | -K
  [ 40分] 法本              | 车载测试（仪表、carplay、中控）惠州办公   | -K
  [ 40分] 麦格米特            | 车载驱动器测试工程师                | -K
  [ 40分] 众科聚达            | ID设计师、工业设计师（车载产品）双休       | -K
  [ 40分] 华为终端有限公司        | 车载产品售后技术支持                | -K·薪
  [ 40分]                 | 车载Android开发               | 
  [ 40分]                 | 无人车测试主管                   | 
  [ 40分] 华鑫信息            | 智能座舱功能测试工程师-深圳            | -K
  [ 40分]                 | 产品经理（车载终端）                | 
  [ 40分]                 | Android车载应用开发工程师          | 
  [ 40分]                 | 车载/机器人等新业务拓展专家            | 
  [ 40分]                 | FAE工程师（车载）                | 
  [ 40分] 杭州七凌            | 机器人软件测试工程师                | -K
  [ 40分] 北京软通动力云计...     | 机器人测试工程师                  | -K
  [ 40分] 众科聚达            | 项目专员（车载3C消费电子）双休、五险一金     | -K
  [ 40分] 智慧派             | 车载mcu软件工程师                | -K
  [ 40分]                 | EMC测试工程师（车载）              | 
  [ 40分] 齐昌网络            | 新能源汽车测试工程师                | -K
  [ 40分] 济南多点聘信息科技       | 自动驾驶测试员+五险一金+双休           | -K·薪
  [ 40分] 米米无忧            | 珠海+智驾测试司机（非网约车）+双休        | -K
  [ 40分] altenchina      | 智能驾驶系统测试工程师-AEB测试         | -K·薪
  [ 40分] 晓枫股份            | 智驾测试工程师                   | -K
  [ 40分] 江苏湿曼电器科技集团      | 测试员                       | -K
  [ 40分]                 | 智驾测试【外企+统本+英语】            | 
  [ 40分] 苏州智惟科技          | 车辆测试工程师                   | -K
  [ 40分]                 | 总线测试工程师                   | 
  [ 40分] 北京软通动力云计...     | 车载测试                      | -K
  [ 40分] Momenta         | 自动驾驶系统研发实习                | -元/天
  [ 40分]                 | 自动化测试                     | 
  [ 40分]                 | 自动驾驶软件开发工程师（实习）           | 
  [ 40分] 传音控股            | 交付测试工程师（充电方向）             | -K
  [ 40分] 东信创智            | 整车网络通信测试工程师               | -K
  [ 40分] 上海悦行合肥分公司       | 重庆自动挡国企平台驾驶员              | -K
  [ 40分] 长线智能            | 自动驾驶数据采集                  | -K·薪
  [ 40分] 长线智能            | 自动驾驶数据采集                  | -K·薪
  [ 40分]                 | 自动驾驶可视化产品实习生              | 
  [ 40分] 上海思芮            | 系统测试工程师-座舱测试-统招专及以上       | -K
  [ 40分] 传音通讯技术          | 软件测试实习生                   | -元/天
  [ 40分] 芯知科技            | 车载语音/座舱测试PM               | -K
  [ 40分] 爱回收             | 本地六险一金/店铺测试师/就近分配/社保      | -K
  [ 40分] 重庆渝逗人工智能科技      | AI软件测试工程师                 | -K
  [ 40分] 康硕电气            | 三坐标测试员                    | -K
  [ 40分] 传音控股            | 温升测试员                     | -K
  [ 40分] 上海思芮            | 车载系统测试工程师（动力、底盘）          | -K
  [ 40分]                 | 系统测试工程师（汽车项目）             | 
  [ 40分] 奇安信集团           | 渗透测试工程师（驻场）-重庆            | -K
  [ 40分] 鑫源汽车有限公司        | 辅助驾驶工程师                   | -K·薪
  [ 40分] 赛力斯汽车           | 智能驾驶产品工程师（泊车/行车）          | -K
  [ 40分]                 | 自动化实施                     | 
  [ 40分]                 | 自动驾驶规控算法工程师               | 
  [ 40分]                 | 实施测试工程师                   | 
  [ 40分]                 | 自动驾驶测评体系研究工程师             | 
  [ 40分]                 | 自动驾驶端到端模型算法研究员 (MJ001250) | 
  [ 40分]                 | OTA测试工程师（base宁波，吉利）       | 
  [ 40分] 重庆蓝思晨科技         | 车载ai数据标注                  | -K
  [ 40分]                 | 车载 Android 开发工程师（网联）      | 
  [ 40分] 华苏科技            | 车载系统测试工程师                 | -K
  [ 40分] 深圳市锐明技术         | 算法测试实习生(J12476)           | -元/天
  [ 40分] 中联重科            | 农机智能驾驶测试工程师               | -K·薪
  [ 40分] 深圳市锐明技术         | 算法测试实习生(J12473)           | -元/天
  [ 40分] 湖南立中科技          | 智能驾驶测试部长                  | -K
  [ 40分]                 | 智能机器人硬件及嵌入式产品测试实习         | 
  [ 35分] 北京时迅顺达科技        | 数据采集员                     | -K
  [ 35分] 中汽研上海           | 车联网安全工程师                  | -K
  [ 35分] 上海驿川供应链管理       | 认证工程师+（WIFI+BT）           | -K
  [ 35分] 广电计量            | 智能网联汽车测试工程师               | -K
  [ 35分] 法本              | 实车测试（有NOA经验）              | -K
  [ 35分] 北京软通动力云计...     | 道路测试工程师                   | -K
  [ 35分] 禾苗通信            | camera测试工程师               | -K
  [ 35分]                 | 智驾模型测试工程师（泊车）             | 
  [ 35分]                 | 自动驾驶定位和SLAM工程师            | 
  [ 35分] 中软国际            | 车载测试/python自动化测试*13薪+线上面试 | -K
  [ 35分] 中科创达            | ADAS 测试工程师                | -K
  [ 35分] 北京汽车            | ADAS系统工程师                 | -K
  [ 35分] ARRK Engineering | ADAS Testing Engineer     | -K·薪
  [ 35分] 流马锐驰            | adas系统工程师                 | -K·薪
  [ 35分] 符代企业管理咨询...     | 测试工程师（整车测试）               | -K
  [ 35分] 江苏优闼数据科技...     | 楼宇测试工程师                   | -K
  [ 35分] 四川人瑞            | 测试标定工程师（台架搭建 实车测试）        | -K
  [ 35分] 中科创达            | 实车测试工程师（泊车方向）(A221685)    | -K
  [ 35分] 极豆车联网           | HIL仿真测试工程师（外派酷睿程全额五险）     | -K
  [ 35分] 雄狮科技            | 车载测试工程师（实车测试）             | -K·薪
  [ 35分] 安徽克莱因信息技...     | 车辆测试工程师                   | -K
  [ 35分] 晟拓              | 智能驾驶路测工程师                 | -K
  [ 35分] 构尔汽车            | 实车测试工程师                   | -K
  [ 35分] 上海华驿汽车技术公司      | 车载测试—车身域控/智能座舱（合肥）        | -K
  [ 35分] 迈思信息            | 车载测试（经理）                  | -K
  [ 35分] 上海翼锐汽车科技        | 车载测试工程师-座舱or车控            | -K
  [ 35分] 沐澜科技            | zcu控制器实车测试工程师             | -K
  [ 35分] 武汉克莱蒙特科技技术      | AP自动泊车测试工程师               | -K
  [ 35分] 北京真蓝无限科技        | 智能驾驶路测工程师                 | -K·薪
  [ 35分] 广州市维客电子科技       | 实车测试工程师【靠近地铁+有食堂+双休】      | -K
  [ 35分] 深圳漫奢生物科技        | 车载测试-中控仪表                 | -K
  [ 35分]                 | 测试工程师（黄埔）                 | 
  [ 35分] 东信创智            | 车身域HIL测试                  | -K
  [ 35分] polelink        | 车身域控测试工程师                 | -K
  [ 35分]                 | 基础技术测试岗                   | 
  [ 35分]                 | 测试岗                       | 
  [ 35分]                 | 测试工程师（驻场农行+现场面试）          | 
  [ 35分] 京东世纪贸易有限公司      | 自动驾驶车辆运维工程师               | -K·薪
  [ 35分] 慧博云通            | 测试工程师（粤语 UAT 短期项目）        | -K
  [ 35分] 拓保软件            | 嵌入式软件测试工程师                | -K
  [ 35分] 程星通信            | 天线测试工程师                   | -K·薪
  [ 35分] 羽宙电商            | ai机器人训练师                  | -K
  [ 35分] 允皓智能            | 无人汽车驾驶安全员                 | -K
  [ 35分] 纬致芯创科技          | 嵌入式软件测试-小鹏 线上面试           | -K
  [ 35分] 榆林飞火轮汽车服务       | 榆林无人驾驶测试工程师两小时两百自带小车      | -K
  [ 35分] 银兴科技            | 实车测试                      | -K
  [ 35分] 海橘              | 实车测试                      | -K
  [ 35分] 奇瑞汽车            | 车身控制器实车测试                 | -K·薪
  [ 35分] 长沙行深智能科技...     | 实车测试工程师                   | -K
  [ 35分] 长城汽车            | 系统测试工程师                   | -K
  [ 35分] auskey          | 车载语音测试工程师-成都              | -K
  [ 35分] 信必优Symbio       | 测试工程师（LINUX+C+视频编解码/驱动）   | -K·薪
  [ 35分] 伟博科技            | ADAS集成测试工程师               | -K
  [ 35分] 博世中国 / 集团       | ADAS HIL仿真测试工程师_BCSC      | -K·薪
  [ 35分] 虹软科技            | ADAS系统工程师（测试方向）           | -K
  [ 35分]                 | 无人驾驶算法工程师                 | 
  [ 35分] 中科创达            | 车载测试工程师（base宁波）           | -K
  [ 35分] 软通动力            | 智能网卡测试                    | -K
  [ 35分] 杭州登元            | 测试与QA工程师                  | -K
  [ 35分] 极目智能|智能驾驶       | 车载测试工程师                   | -K
  [ 35分] 克莱蒙特            | 智能驾驶仿真测试工程师               | -K
  [ 35分] 湖北方驰英才教育科技      | 车载测试讲师                    | -K
  [ 35分]                 | 车载测试工程师（短期）               | 
  [ 35分] 聚才云途            | 智能驾驶系统行车和泊车测试             | -K
  [ 35分] 润芯微             | 实车测试工程师（渗透测试、整车合规测试）      | -K
  [ 35分] 北京简精科技有限公司      | 实车测试工程师                   | -K
  [ 35分]                 | 项目经理（自动驾驶方向外包岗）           | 
  [ 35分] 优创亿科技有限公司       | 初级测试工程师                   | -K
  [ 35分]                 | 初级测试工程师                   | 
  [ 35分] 众鸿科技            | 测试工程师（车载）                 | -K
  [ 35分] 深德科             | 飞行测试（大厂双休）                | -K
  [ 35分]                 | 内招C1自动挡驾驶员 工资周结           | 
  [ 35分] 罗宾艾克斯           | 自动驾驶系统工程师                 | -K·薪
  [ 35分] 深圳市鸿源瑞投资企业      | 半挂车驾驶员                    | -K
  [ 35分]                 | 测试工程师（机器人方向）              | 
  [ 35分]                 | 运维工程师（无人驾驶领域）             | 
  [ 35分] 智迈特             | QA测试工程师                   | -K·薪
  [ 35分] 卓驭              | ADAS软件开发工程师               | -K·薪
  [ 35分] 米哈哈             | 研发助理（NOA测试）               | -K
  [ 35分] 拼多多集团-PDD       | 电器安规测试工程师                 | -K·薪
  [ 35分] 芯动力             | 测试助理（实习生)                 | -元/天
  [ 35分] 未来机器人（深圳...     | 测试工程师（出差合肥）               | -K
  [ 35分] 海橘              | 实车测试工程师                   | -K
  [ 35分]                 | 光学测试工程师                   | 
  [ 35分] 海橘              | demo实车测试（英语）              | -K
  [ 35分] 道通科技            | 实车测试工程师                   | -K
  [ 35分] 广州千棠科技有限公司      | 智能驾驶测试工程师助理(六险二金)         | -K
  [ 35分] 智达诚远            | 座舱车载测试（吉利项目）-不背调          | -K
  [ 35分] 深圳快点见           | AI实习生（车载数字钥匙协议方向）         | -K
  [ 35分] 上海思芮            | 系统测试（座舱/车控/adas/ota/动力等）  | -K
  [ 35分]                 | 车载测试培训讲师                  | 
  [ 35分] 重庆小猿科技有限公司      | 车载测试讲师                    | -K
  [ 35分] 道通科技            | 实车测试工程师                   | -K
  [ 35分] 马士兵(北京)教...     | 车载测试讲师                    | -K
  [ 35分] 五号智能            | 车辆测试工程师                   | -K·薪
  [ 30分] 慧图科技            | 数据采集员（北京/上海）              | -K
  [ 30分] 君色文化传播          | 照片数据采集员                   | -K
  [ 30分] 常州市阳成信息科技       | 无人智能驾驶安全采集数据员             | -K
  [ 30分] 常州市阳成信息科技       | 无人智能驾驶安全采集数据员             | -K
  [ 30分]                 | 数据采集                      | 
  [ 30分] 深圳市大德众和科技       | 通辽农业地图数据采集                | -元/天
  [ 30分] 畅云创客            | 动捕数据采集专员                  | -元/天
  [ 30分] 泛星科技            | 大学生兼职数据采集员—图书馆书店等         | -元/时
  [ 30分] 上海橘盈科技有限公司      | 发动机标定采集工程师                | -K
  [ 30分]                 | 机器人数据采集-缴纳五险一金            | 
  [ 30分]                 | 具身机器人数据采集                 | 
  [ 30分]                 | 车载语音测试                    | 
  [ 30分] 斑马智能            | 车载语音测试                    | -K
  [ 30分] 零起              | v2x仿真测试工程师                | -K
  [ 30分]                 | 台架测试员                     | 
  [ 30分] 珩渥检测            | 检测认证工程师                   | -K
  [ 30分] 舟迹              | 认证专员                      | -K
  [ 30分] 擎朗智能            | 机器人认证测试实习生                | -元/天
  [ 30分] TUV莱茵           | 高低压-设配电-检测认证工程师           | -K·薪
  [ 30分] 兴宝检测            | 检测认证测试工程师                 | -K
  [ 30分] 华为              | 【实习】硬件测试开发工程师             | -元/天
  [ 30分] 上海吾创            | ADAS数据分析                  | -K
  [ 30分] 天津美芒信息科技        | 电子电器测试工程师 (电性能测试)         | -K
  [ 30分] 上海翼锐汽车科技        | adas标定测试工程师               | -K
  [ 30分] 广电计量            | 智能网联汽车测试工程师               | -K
  [ 30分] 微创软件            | 现场测试员                     | -K
  [ 30分] 讯锡科技            | 车载测试 江浙沪有岗 外包大厂           | -K
  [ 30分] 火熠              | 车载测试开发                    | -K
  [ 30分] 奇瑞汽车股份有限公司      | 自动/智能驾驶测试工程师              | -K·薪
  [ 30分] 中软国际            | 车载测试接受项目助理岗               | -K
  [ 30分] 爱荔枝             | 车载测试兼职                    | -元/时
  [ 30分]                 | 车载测试工程师（驻场宁波吉利）           | 
  [ 30分]                 | 车载测试工程师（车身）               | 
  [ 30分] 宇量昇             | 封装测试技术员                   | -K·薪
  [ 30分] 华为              | 车载测试                      | -K
  [ 30分] 润和软件            | 车载测试工程师                   | -K
  [ 30分] 华为技术有限公司        | 智能驾驶软件/硬件/底软BSP测试测试岗位     | -K
  [ 30分] 中科创达软件          | 智能驾驶FAE工程师（base深圳）(A49599 | -K
  [ 30分] 远峰科技            | 辅助驾驶系统模型工程师               | -K
  [ 30分] 恩创科技            | 测试组长（五金压铸行业）              | -K
  [ 30分] 长城汽车            | 辅助驾驶测试工程师                 | -K·薪
  [ 30分] 滴滴              | 27届秋储-商业分析-自动驾驶 (MJ017834 | -元/天
  [ 30分] 法本              | 车载测试（问题分拣）双休-三班 有夜班补贴     | -K
  [ 30分]                 | 无人驾驶算法运维工程师               | 
  [ 30分] 福瑞股份            | 自动驾驶系统工程师                 | -K·薪
  [ 30分] 理想汽车            | 【非正岗】地图导航软件测试             | -K
  [ 30分] 上海瑞应            | 热管理空调测试标定工程师（台架 + 实车）     | -K
  [ 30分] 河南天炯信息科技        | 车载功能测试（五险一金/可接受应届生）       | -K·薪
  [ 30分] 人瑞网络科技          | 车载测试-车机安卓方向-长城外包-统招学历     | -K
  [ 30分] 杭州真至数智科技公司      | 车载测试（北京短期）                | -K
  [ 30分]                 | 车载小爱产品实习                  | 
  [ 30分]                 | 车载系统测试实习生                 | 
  [ 30分] 无锡凡特            | ADAS自动驾驶仿真工具开发            | -K
  [ 30分] 东信创智            | 动力底盘测试                    | -K
  [ 30分] 四川星河智略网络科技      | 车载测试工程师                   | -K
  [ 30分] 成都学到职业技能培训      | 整机/车载测试讲师                 | -K
  [ 30分] 博为峰             | IT培训讲师（有车载测试/游戏测试经验）      | -K·薪
  [ 30分]                 | 蓝牙/车载测试专家                 | 
  [ 30分] 魏桥新能源汽车         | 智能驾驶测试工程师                 | -K
  [ 30分]                 | 车载测试助教                    | 
  [ 30分]                 | 智能驾驶测试工程师                 | 
  [ 30分] 北京经创聚源          | ADAS HIL自动化测试工程师          | -K
  [ 30分] 宁橡新能源汽车电子       | ADAS 整车集成测试               | -K
  [ 30分] 勒炫              | 辅助驾驶测试                    | -K
  [ 30分] 长城汽车            | 智能辅助驾驶系统工程师               | -K
  [ 30分] 吉利研究院           | ADAS系统工程师                 | -K
  [ 30分] 四川省才佑科技         | 智能驾驶测试工程师+双休+五险一金         | -K
  [ 30分] 光庭              | 智能座舱测试工程师                 | -K
  [ 30分] 深圳智力电源有限公司      | 车载测试（base武汉）              | -K
  [ 30分] 岱思              | 车载多媒体主机（FM收音）测试员          | -K
  [ 30分]                 | 通信测试工程师                   | 
  [ 30分]                 | 软件测试工程师（CAE）              | 
  [ 30分] 华苏科技            | 智驾动力测试                    | -K
  [ 30分] 古猿科技            | 诊断车载测试                    | -K
  [ 30分] 犀重汽车            | 智驾标定测试工程师                 | -K
  [ 30分] 长春风火轮科技         | 车载测试工程师-                  | -K
  [ 30分] 成都翼创雷行智能科技      | 【校招】车载Java后端开发            | -K
  [ 30分]                 | 整车功能测试工程师                 | 
  [ 30分] 软通动力            | 华为MDC智能驾驶专家               | -K
  [ 30分] 凯翼汽车            | 智能驾驶（零部件及系统开发）            | -K·薪
  [ 30分] 鑫达软件            | 测试工程师                     | -K
  [ 30分] 鑫达软件            | 测试工程师                     | -K
  [ 30分] 上海铮旗信息          | 功能测试                      | -K
  [ 30分] 华坤检测            | 金属材料测试工程师                 | -K
  [ 30分] 艾舜光电            | 研发测试技术员                   | -K·薪
  [ 30分] 上海悦行合肥分公司       | 无锡国企自动挡驾驶员                | -K
  [ 30分] 无锡黑骑士科技         | 电动车测试工程师（二轮车）             | -K
  [ 30分] 中科芯             | 测试员                       | -K
  [ 30分] 上海铮旗信息          | 车载功能测试（线上面试）              | -K
  [ 30分] 洛世达             | 服装测试专员                    | -K·薪
  [ 30分] 中科芯             | 测试员                       | -K
  [ 30分]                 | 电芯测试技术员                   | 
  [ 30分] 无锡宇宁科技          | 测试技术员                     | -K·薪
  [ 30分]                 | 测试技术员（需倒班）                | 
  [ 30分]                 | 测试工程师（labview)            | 
  [ 30分] 武汉光庭            | Android开发工程师（车载）          | -K
  [ 30分] 无锡凡特            | 车载仪表/3D/车控应用开发工程师         | -K
  [ 30分] 伟博科技            | 车载网络通讯诊断测试                | -K
  [ 30分]                 | 车载系统性能                    | 
  [ 30分]                 | 安卓开发工程师（可无车载经验，多个方向）      | 
  [ 30分] 卓云智能科技          | 车载控制器Bootloader软件开发工程师    | -K
  [ 30分]                 | Cp测试工程师                   | 
  [ 30分] 杭州佬虎钳科技发展       | 自动驾驶数据标注项目经理              | -K
  [ 30分] 上海递归未来网络科技      | 智驾功能测试工程师-实车              | -K
  [ 30分] 中科创达            | 车载测试工程师-DHU               | -K
  [ 30分] 法本              | 测试工程师（动力域、DHU、整车集成）       | -K
  [ 30分] 承影科技            | 车载仪表测试（仪表模块 不背调 但统招）      | -K
  [ 30分] 中科创达            | 车载测试（座舱/实车/台架）            | -K
  [ 30分] 虹软科技            | 智能车载测试项目经理                | -K
  [ 30分]                 | 智能驾驶测试工程师                 | 
  [ 30分] 法本              | 急急急急急智能驾驶功能安全与信息安全测试      | -K
  [ 30分]                 | 智能驾驶测试售后支持工程师             | 
  [ 30分]                 | 无人驾驶安全员                   | 
  [ 30分] 东风汽车            | 智能驾驶与座舱-东风汽车研发总院          | -K
  [ 30分] 深圳漫奢生物科技        | 车载测试（中控、仪表、tbox都要人）       | -K
  [ 30分] CLPS华钦软件        | 车载测试工程师-国内项目-长期项目         | -K
  [ 30分] 深圳维勤技术咨询        | 车载测试工程师（中控/仪表/T-box）      | -K
  [ 30分] 中软国际            | 车载测试（座舱方向）+武汉             | -K·薪
  [ 30分] INTEST          | 车载测试工程师（驻场）               | -K
  [ 30分]                 | 车载测试助教|上市大厂稳岗双休不加班        | 
  [ 30分] 上海悦行合肥分公司       | 武汉内招C1自动挡驾驶员              | -K
  [ 30分]                 | 智能驾驶仿真测试工程师-研发总院          | 
  [ 30分] 她趣信息技术有限公司      | 测试校招生                     | -K·薪
  [ 30分] 深圳市锐明技术         | 软件测试实习生（深圳）(J12322)       | -元/天
  [ 30分] 聚星智能            | 外协半导体测试技术员（非标自动化）         | -K
  [ 30分]                 | 测试开发工程师                   | 
  [ 30分] 深圳甜满科技有限公司      | 小家电整机测试                   | -K
  [ 30分] 深圳漫奢生物科技        | 硬件测试(整机黑盒）                | -K
  [ 30分] 驭势科技            | 自动驾驶部署测试工程师               | -K
  [ 30分]                 | 测试工程师_无人机                 | 
  [ 30分] 四川省才佑科技         | 智能驾驶测试员/17薪/五险一金          | -K
  [ 30分] 三一海洋重工有限公司      | 智能驾驶算法工程师（感知方向）           | -K·薪
  [ 30分] 上海嘉驰信息技术咨询      | 车载语音测试-语义测试经验-短期三个月       | -K
  [ 30分]                 | TPM(智能驾驶)                 | 
  [ 30分] 豪米波             | 毫米波雷达功能测试工程师              | -K·薪
  [ 30分]                 | 自动驾驶传感器工程师                | 
  [ 30分] 陕西方驰教育科技        | 车载测试讲师                    | -K
  [ 30分] 欧菲车联            | 车载测试授课老师                  | -K
  [ 30分] 中软国际            | 车载测试                      | -K
  [ 30分] 长线智能            | 智能驾驶软件测试工程师               | -K·薪
  [ 30分]                 | 智能汽车测试安全员                 | 
  [ 30分] 赛力斯汽车           | 问界-车载测试                   | -K·薪
  [ 30分]                 | 车载测试工程师助理                 | 
  [ 30分] 中软国际            | 车载测试（五险一金双休）              | -K
  [ 30分] 纬致科技上海          | 自动化车载测试                   | -K
  [ 30分] 重庆君歌电子科技        | 光学工程师（车载摄像头）              | -K·薪
  [ 30分] 湖南秒数分软件科技       | 学徒车载测试工程师                 | -K
  [ 30分] 宏宇职业培训          | 车载测试培训师                   | -K
  [ 25分] 科络达云软件技术...     | 车联网项目经理（车载OTA项目）          | -K
  [ 25分] 上海礼聪            | 车联网-TSP/T-BOX- DRE        | -K
  [ 25分] Intertek天祥集团    | 认证工程师-电子电气                | -K·薪
  [ 20分] 春田信息            | 机器人采集                     | -K
  [ 20分] 上海友衷            | 车联网功能开发工程师                | -K
  [ 20分]                 | linux测试工程师                | 
  [ 20分]                 | 车载底层测试                    | 
  [ 15分] ZD              | 智能座舱测试工程师                 | -K
  [ 15分] 武汉讯锡云科技         | 保险测试                      | -K
  [ 10分] 博坦德上海           | 导航与车联网验证测试工程师             | -K·薪
  [ 10分] 芜湖正驰汽车科技        | Android开发工程师（车联网方向）       | -K
  [ 10分] 全晓信息            | 智能网联项目经理（车联网、智能座舱）        | -K
  [ 10分] 众鼠科技            | 车联网全栈开发工程师（C++/Java）      | -K
  [ 10分]                 | 台架测试                      | 
  [  5分] 天津智创新业科技        | 车载网络诊断测试                  | -K
  [  5分] 西图盟             | 充电系统测试                    | -K
  [  5分]                 | 车身域测试                     | 
  [  5分] 储融检测            | 项目认证工程师                   | -K·薪
  [  5分] 上海安诺尔认证服务       | 安诺尔认证事业部总经理（认证检测）         | -K·薪

  ❌ 失败 3 个:
  - 辅助驾驶测试工程师 → 
与页面的连接已断开。
版本: 4.1.1.4
  - 整机项目经理 → 
与页面的连接已断开。
版本: 4.1.1.4
  - 系统测试工程师（整机测试） → 
与页面的连接已断开。
版本: 4.1.1.4

📄 报告已生成: /Users/liuwendi/projects/job-hunter/data/reports/report_2026-06-19_0117.html
📊 生成报告...

╔══════════════════════════════════════╗
║  🤖 Job Hunter — 2026-06-19 01:17  ║
╠══════════════════════════════════════╣
║  平台: Boss直聘                         ║
║  城市: 深圳, 上海, 广州, 北京, 武汉      ║
║  搜索词: 智驾测试, ADAS测试, 自动驾驶测试  ║
║  浏览: 3271 岗 | 投递: 800 岗 | 跳过: 2471 岗 ║
╚══════════════════════════════════════╝

  ✅ 所有投递记录（按评分降序）:
  [100分] 苏州金韦云科技         | 车载测试（续航能耗测试/电驱数据拆换件       | -K
  [100分] 智达诚远科技有限公司      | 车载测试工程师-车身,动力,系统,电子电器等    | -K
  [100分]                 | 车载测试工程师（长期+线上面试+稳定）       | 
  [100分] 启强科技            | 车载测试                      | -K
  [100分] 麓测科技            | adas测试工程师                 | -K
  [100分] 上海星光瀚澜智能科技      | 智能驾驶路测工程师                 | -K·薪
  [ 95分] 参穹互衍科技          | 具身智能仿真算法实习生               | -元/天
  [ 85分]                 | 车载测试实习生                   | 
  [ 85分] 智驾新程            | 智能驾驶实车测试实习生(A44172)       | -元/天
  [ 85分]                 | 实习生（智驾测试场景标注）             | 
  [ 80分]                 | 智能驾驶测试实习技师（27届）           | 
  [ 80分] 博彦科技            | 车载测试（底盘测试）                | -K
  [ 80分] 足下科技            | 机器人-智驾系统开发实习生             | -元/天
  [ 80分] 润物科技            | ROS/机器人软件系统工程师            | -K
  [ 80分] 鸿灌              | 自动驾驶测试工程师                 | -K·薪
  [ 75分]                 | 自动驾驶系统测试实习生               | 
  [ 75分] 零一汽车            | 自动驾驶路测与运维工程师              | -K·薪
  [ 75分] 长沙时洽贸易有限公司      | 机器人助理工程师                  | -K
  [ 70分] 中软国际            | 数据采集组长-现场面试（急）            | -K
  [ 70分] 浙江无界矩阵科技        | 车辆测试经理                    | -K
  [ 70分] 特斯拉 Tesla       | 智驾测试（实车测试）技师 - 广州         | -K
  [ 70分] 广州玉团网络科技        | 自动驾驶数据标注员                 | -元/天
  [ 70分] 东软集团            | 座舱智驾测试工程师                 | -K
  [ 70分] 上海秉辙科技有限公司      | 智驾测试工程师                   | -K
  [ 70分] 上海礼聪            | 智驾测试-上海                   | -K
  [ 70分] 软通动力            | 车载测试                      | -K
  [ 70分] 德赛西威            | 实车测试工程师（行车）               | -K
  [ 70分] 上海礼聪            | 智驾实车测试-苏州-线上面试            | -K
  [ 70分]                 | 自动驾驶算法开发实习生               | 
  [ 70分] 深圳市锐明技术         | L4自动驾驶算法测试实习生             | -元/天
  [ 70分] 创睿连科(大连)科技      | 车辆测试工程师                   | -K
  [ 70分] 江苏大块头智驾科技       | 实车测试工程师                   | -K
  [ 70分] 北路智控            | 智能驾驶测试工程师                 | -K·薪
  [ 70分] 四川星河智略网络科技      | 车载测试工程师                   | -K
  [ 70分] 邢台佰纺网络科技        | AI自动驾驶测试驾驶员               | -K
  [ 70分] 苏州优控智行          | ADAS辅助驾驶标定                | -K
  [ 70分] 卉曼科技            | 车载OTA测试                   | -K
  [ 70分]                 | 测试实习生                     | 
  [ 70分] 法本信息            | 自动驾驶安全员/路测-17薪+双休+六险一金    | -K
  [ 70分]                 | 道路自动行驶车辆测试员 工作轻松 五险一金     | 
  [ 70分]                 | 整机测试实习生                   | 
  [ 70分] 上海鑫芯堂科技         | 智能驾驶测试工程师（adas)           | -K
  [ 70分] 理想科技            | adas测试                    | -K
  [ 70分] 软通动力            | 智驾测试                      | -K
  [ 70分] 上海礼聪            | 实车测试（demo演示）-base苏州-线上面试  | -K
  [ 70分] 长沙行深智能科技...     | 实车测试工程师                   | -K
  [ 70分] 华苏科技            | ADAS实车测试                  | -K
  [ 70分] 邓州市灵尧销售经...     | 车载测试工程师                   | -K·薪
  [ 70分] 源柏科技            | ADAS测试工程师                 | -K·薪
  [ 70分] 普华基础软件          | 车载网络测试工程师                 | -K·薪
  [ 70分] 成都天软信息          | 车载测试工程师                   | -K
  [ 70分] 福瑞泰克            | ADAS功能开发实习生               | -元/天
  [ 70分] 浙江零跑科技          | 智能驾驶行车测试工程师-实车            | -K·薪
  [ 70分] 科络达云软件技术...     | 实车测试工程师                   | -K
  [ 70分] 湖北方驰英才教育科技      | 车载测试讲师                    | -K
  [ 70分] 宽凳智云科技          | 自动驾驶道路测试工程师               | -K
  [ 70分] 深圳超转科技          | 嵌入式实习生（机器人/具身智能方向）        | -元/天
  [ 70分] 玄雅科技            | 机器人机械结构设计工程师              | -K
  [ 70分] 瞬联科技            | 智能驾驶数据算法工程师（ADAS ）        | -K
  [ 70分] 斯路森工程技术         | ADAS测试工程师                 | -K
  [ 70分] 宸控智新            | 智能驾驶测试工程师                 | -K
  [ 70分] 迈思信息            | ADAS测试（英语口语）              | -K
  [ 70分] 中慧智安            | 自动驾驶路测数据处理工程师---急招        | -K
  [ 70分] 江苏中汽院汽车工...     | 智能驾驶测试工程师（重庆）             | -K
  [ 70分] 赛力斯汽车           | 智驾测试工程师                   | -K·薪
  [ 70分] 中软国际            | 车载测试（加班费）                 | -K
  [ 65分] SFS             | 车联网测试工程师                  | -K
  [ 65分] 全道科技            | 自动驾驶测试打点员（智驾大厂+单人单车）      | -K
  [ 65分] 上汽大通            | 智能驾驶测试工程师                 | -K·薪
  [ 65分] 地平线             | 智能驾驶系统测试工程师(实车方向)         | -K·薪
  [ 65分] 上海礼聪            | 实车测试（demo演示）-base苏州-线上面试  | -K
  [ 65分] 中软国际            | 车载测试（线上面试+全额公积金）          | -K
  [ 65分] 上海礼聪            | 智驾测试【外企+统本+英语】            | -K
  [ 65分]                 | 自动驾驶规控算法实习生（可转正）          | 
  [ 65分] 泽尔测试            | 自动驾驶测试工程师（数据/法规/测试平台）     | -K
  [ 65分] 德国电信咨询          | adas测试工程师                 | -K·薪
  [ 65分]                 | 自动驾驶测试工程师                 | 
  [ 65分]                 | 车载测试工程师                   | 
  [ 65分] 极豆车联网           | 实车测试工程师（泊车）               | -K
  [ 65分]                 | 实车测试工程师-实车测试&app测试        | 
  [ 65分] 米米无忧            | 自动驾驶测试员（路测司机/地援）双休        | -K·薪
  [ 65分] 信必优             | 自动驾驶测试工程师                 | -K
  [ 65分] 汇英科技有限公司        | 汽车智能驾驶AP系统测试工程师（双休）       | -K
  [ 65分]                 | 测试工程师（26届校招）              | 
  [ 65分] 辉粤              | 招聘无人驾驶测试安全员五险一金包吃         | -K
  [ 65分] 东信创智            | ADAS测试工程师                 | -K
  [ 65分] 启强科技            | 实车测试                      | -K·薪
  [ 65分] 成都锦程智行智能技术      | 自动驾驶测试工程师                 | -K
  [ 65分] 上海礼聪            | 智驾实车测试-苏州岗位-线上面试          | -K
  [ 65分] 纬致芯创科技          | 车载测试-长期稳定                 | -K
  [ 65分] 飞天舟             | 车载测试工程师（Base:惠州，视频面试）     | -K
  [ 65分] 软通动力            | 海外自动驾驶路测工程师               | -K
  [ 65分] 理想科技            | 智能驾驶工程师                   | -K
  [ 65分] 软通动力            | 海外自动驾驶路测工程师               | -K
  [ 65分]                 | 深圳-自动驾驶安全员[6k-8k]五险一金     | 
  [ 65分] 润芯微             | 数据采集测试员（空间智能）             | -K
  [ 65分] 深圳市锐明技术         | 自动驾驶决策规划实习/校招             | -元/天
  [ 65分] 瓴捷科技            | 机器人助理工程师（软件方向）            | -K
  [ 60分] 迅仿              | 自动驾驶测试工程师                 | -K·薪
  [ 60分] 苏州聚功匠科技         | 机器人数据采集                   | -K
  [ 60分] 杭州谨通信息科技        | 上海数据采集（小白实习生都能做，200一天     | -元/天
  [ 60分] 北京软通动力云计...     | 27届实习岗位-数据采集              | -元/天
  [ 60分] 中软国际            | 数据采集组长-现场面试（急）            | -K
  [ 60分] 上海赛赛汽车          | ADAS测试（APA泊车方向）驻浦东长期项目    | -K
  [ 60分] 上海士方科技          | adas测试工程师                 | -K
  [ 60分] 上海士方科技          | adas测试工程师                 | -K
  [ 60分] 智驾新程            | 德国实车测试工程师-行泊方向            | -K
  [ 60分] 柯莱特集团           | BMS测试工程师（实车测试）            | -K
  [ 60分] 克莱蒙特            | ADAS实车测试                  | -元/时
  [ 60分] 极氪汽车            | [急招][实习生]车载软件测试工程师        | -元/天
  [ 60分] 沈阳美欧迪汽车技术       | 车载测试工程师                   | -K
  [ 60分] NIO蔚来           | 智能辅助驾驶算法评测实习生             | -元/天
  [ 60分]                 | 随时到岗I车载测试实习生I不卡学校I亦庄      | 
  [ 60分] 小米              | 车载测试开发工程师                 | -K
  [ 60分] 上海翼锐汽车科技        | adas测试工程师 外派安徽大众          | -K
  [ 60分] 安徽佳通乘用子午...     | 实车测试工程师                   | -K
  [ 60分]                 | 车载测试                      | 
  [ 60分] polelink        | 广汽车身-车身域测试工程师             | -K
  [ 60分] 版石软件(上海)        | 测试-ADAS辅助驾驶系统-对日企业        | -K
  [ 60分] 晓枫股份            | 智驾测试工程师                   | -K
  [ 60分] 中瓴智行            | 车载测试实习                    | -元/天
  [ 60分] 晓枫股份            | 智驾测试工程师                   | -K
  [ 60分] 清华大学应用研究院       | 产品经理实习生（自动驾驶/具身智能方向）      | -元/天
  [ 60分] 铮旗信息            | 车载测试                      | -K
  [ 60分]                 | 测试 实习生                    | 
  [ 60分] 伟博科技            | 匹配测试工程师（应届生）              | -K·薪
  [ 60分]                 | 智能驾驶底层软件测试工程师_BCSC        | 
  [ 60分] 零跑科技            | adas测试工程师                 | -K·薪
  [ 60分] 西图盟             | 智能驾驶测试工程师                 | -K
  [ 60分] 德中电子科技          | ADAS测试工程师                 | -K
  [ 60分] 纬致芯创科技          | 车载测试工程师（一轮面试，年后入职）        | -K
  [ 60分] ZD              | 车载测试（多个方向）                | -K
  [ 60分]                 | 自动驾驶测试工程师                 | 
  [ 60分] 纬致科技北京          | 机器人运控算法测试(人形机器人)          | -K
  [ 60分] 佳壹信息            | 智驾测试助理（实车路测 + Linux/Pytho | -K
  [ 60分] 深圳市芯光丰科技        | 深圳-自动驾驶安全员[测试员]           | -K
  [ 60分] 曹操出行            | 测试工程师                     | -K·薪
  [ 60分] 神州信息            | 性能测试                      | -K
  [ 60分] altenchina      | 车载测试工程师(仪表/统本)            | -K·薪
  [ 60分] 河南比卢信息科技        | 初级车载测试工程师（应届生可投/晋升情绪      | -K
  [ 55分] 伯镭科技            | 自动驾驶测试工程师                 | -K
  [ 55分] 采埃孚亚太集团有...     | ADAS实车测试工程师               | -K·薪
  [ 55分]                 | 智能驾驶测试                    | 
  [ 55分] 佳众诚新能源          | 测试工程师/新能源电池储能行业/接受应届生     | -K
  [ 55分]                 | 实车测试专家（Tech Lead）         | 
  [ 55分] 微创软件            | 车载测试（语音助手）工程师             | -K
  [ 55分] 软通动力            | 车载测试分析工程师                 | -K
  [ 55分] 中软国际            | 车载测试工程师【面试快+全额公积金+双休】     | -K·薪
  [ 55分]                 | 车载电源软件实习生(A46780)         | 
  [ 55分] 北京朗杰            | 车载导航测试工程师（海外路测）           | -K
  [ 55分] 吉利研究院           | adas测试工程师                 | -K
  [ 55分] 润和软件            | 车载测试（核验社保）                | -K
  [ 55分] 润和软件            | 车载测试工程师（ota/t-box）        | -K
  [ 55分] 虹潭岭             | 智驾测试                      | -K
  [ 55分] 晟拓              | 智驾测试项目经理                  | -K
  [ 55分] 摩太科技            | 车载测试                      | -K
  [ 55分] 行展软件            | 车载测试工程师                   | -K
  [ 55分] 雅迅智联            | 车载测试工程师（江淮驻厂）             | -K
  [ 55分] 上海众诚汽车工程技术      | 高阶智驾测试工程师                 | -K
  [ 55分] ZD              | 车载测试（车身）                  | -K
  [ 55分]                 | 车载测试工程师-宁波                | 
  [ 55分] 埃科汽车            | ADAS测试工程师                 | -K·薪
  [ 55分] 广汽集团            | 智驾测试工程师                   | -K·薪
  [ 55分] 纬致科技北京          | 实车测试工程师                   | -K
  [ 55分]                 | 车载测试                      | 
  [ 55分] 纬致芯创科技          | 车载测试工程师（小鹏）               | -K
  [ 55分] 小鹏汇天            | 车载测试（车机HIL方向）             | -K·薪
  [ 55分]                 | 机器人工厂安全员                  | 
  [ 55分] 泰保企业服务          | L4自动驾驶测试工程师               | -K
  [ 55分] 东信创智            | adas测试工程师                 | -K
  [ 55分] 骏玖电子            | 座舱智驾测试工程师                 | -K·薪
  [ 55分] 极豆车联网           | 实车测试工程师（泊车方向）             | -K
  [ 55分] 中软国际            | 车载测试工程师                   | -K
  [ 55分] 信必优Symbio       | 急招车载测试【尽快到岗，需有3年驾龄】       | -K
  [ 55分] 飞天舟             | 车载测试工程师（线上面试）             | -K
  [ 55分] 成都天软信息          | 车载测试工程师                   | -K
  [ 55分]                 | 座舱智能体 智能驾驶 大模型开发 AI特性     | 
  [ 55分] 虹软科技            | 自动驾驶产品经理实习生（可转正）          | -元/天
  [ 55分] 阿里巴巴集团          | 达摩院-软件算法测试开发工程师-具身智能      | -K·薪
  [ 55分] 华苏科技            | 中汽研车载测试（Base芜湖）           | -K
  [ 55分] 云兆智联            | 智能驾驶仿真测试                  | -K
  [ 55分] 宁波朱雀汽车科技        | 智驾车载测试讲师                  | -K
  [ 55分] 京东物流            | L4智驾测试                    | -K·薪
  [ 55分] 卓驭              | 车载测试工程师                   | -K·薪
  [ 55分] 人瑞网络科技          | 机器人数据采集~长期合同~外包~一轮面试      | -K
  [ 55分] 澳谷智能科技          | 机器人测试工程师                  | -K
  [ 55分] 杭州七凌            | 机器人软件测试                   | -K
  [ 55分] 广州柒澄科技有限公司      | 机器人运维/技术工程师               | -K·薪
  [ 55分] 玲珑塔科技           | 硬件测试（嵌入式-机器人-外派影智科技）      | -K
  [ 55分] 北京和川智远科技        | 自动驾驶路测工程师                 | -K
  [ 55分] 太仓艾博科智能科技       | adas测试助理工程师               | -K·薪
  [ 55分] 法本              | 车载测试工程师                   | -K
  [ 55分] 苏州方寸智能科技        | 机器人开发测试实习生                | -元/天
  [ 55分]                 | 机器人测试负责人                  | 
  [ 55分]                 | 车载测试负责人                   | 
  [ 55分] 蚂蚁集团            | （重庆）标注项目运营-智能驾驶方向         | -K·薪
  [ 55分] 华苏科技            | 车载测试工程师                   | -K
  [ 55分] 宁波朱雀汽车科技        | 座舱车载测试讲师                  | -K
  [ 55分] 重庆小猿科技有限公司      | 车载测试讲师                    | -K
  [ 55分]                 | 车载测试开发工程师                 | 
  [ 55分] 法本              | 车载测试（大厂外包+全额公积金）          | -K
  [ 50分] 中科创达            | 实车测试工程师（自动驾驶）             | -K
  [ 50分] 唐山小豆            | 机器人数据采集员                  | -K
  [ 50分] 煊鋆信息            | 数据采集专员                    | -K
  [ 50分] 集识光年            | 数据采集兼职                    | -元/时
  [ 50分] 比亚迪汽车工业         | 智能驾驶实车测试工程师               | -K
  [ 50分] 智驾新程            | 实车测试工程师                   | -K·薪
  [ 50分] 时代云驰            | 车载测试工程师                   | -K
  [ 50分] 杭州绿石科技创业        | 智驾测试开发工程师                 | -K
  [ 50分] 上海赛赛汽车          | ADAS智驾测试                  | -K
  [ 50分] 法本              | 项目经理（智驾测试经验）              | -K
  [ 50分]                 | 智能驾驶域控系统测试                | 
  [ 50分] 版石软件(上海)        | 车载软件开发测试 (ADAS辅助驾驶--统专)   | -K
  [ 50分] 中科创达            | 自动驾驶测试开发工程师               | -K
  [ 50分]                 | ADAS测试工程师（主动安全测试）         | 
  [ 50分] 上海瑞应人才科技        | 智能驾驶ADAS技术工程师（黑芝麻，好项目）    | -K
  [ 50分]                 | ADAS测试工程师                 | 
  [ 50分] 上海悦行合肥分公司       | 内招C1自动挡驾驶员                | -K
  [ 50分] 纬致科技北京          | L4自动驾驶测试                  | -K
  [ 50分] 克莱蒙特            | ADAS测试工程师                 | -K
  [ 50分] 智驾新程            | adas智能驾驶硬件工程师             | -K·薪
  [ 50分]                 | 车载测试工程师                   | 
  [ 50分] 滴滴              | 自动驾驶策略产品经理实习生             | -元/天
  [ 50分] 寅家科技            | 测试实习生                     | -元/天
  [ 50分] 美图公司            | 测试开发实习生（厦门） (MJ002118)    | -元/天
  [ 50分] 杰芯科技有限公司        | 软件测试助理工程师/接受应届无经验         | -K
  [ 50分] 启强科技            | 智能驾驶测试工程师 (实车测试)          | -K·薪
  [ 50分] 人瑞网络科技          | 实车测试工程师                   | -K
  [ 50分] 信必优Symbio       | L4自动驾驶测试（数据分析方向）          | -K
  [ 50分] 东信创智            | 车载测试（车身域测试）               | -K
  [ 50分]                 | 诚招！无人汽车驾驶安全员 五险一金 待遇好     | 
  [ 50分] 信必优Symbio       | 自动驾驶道路测试工程师-数据分析/L4/仿真    | -K
  [ 50分] 四川省才佑科技         | 自动驾驶测试员+薪资6k+季度绩效+五险一金    | -K
  [ 50分] 联想懂的通信          | 自动驾驶安全员                   | -K
  [ 50分] 北京能科瑞元有限公司      | 自动驾驶安全员（现场面试）             | -K
  [ 50分] 惠宇科技            | 会开车的来！驾驶安全员测试 五险一金        | -K
  [ 50分]                 | 自动驾驶测试员+双休+五险一金+17薪+黄埔    | 
  [ 50分]                 | 6000+无人汽车驾驶安全员 五险一金工作轻松   | 
  [ 50分] 黑河市易威斯集中...     | 自动驾驶测试                    | -K
  [ 50分] 四川启明同舟数字科技      | 双休不加班 智驾测试员               | -K
  [ 50分] 纬致芯创科技          | ADAS测试工程师（吉利，一轮面试，双休）     | -K
  [ 50分] 同舟技术            | adas测试                    | -K
  [ 50分] 上海橘盈科技有限公司      | Adas实车测试（会开车，全流程测试）       | -K·薪
  [ 50分] 中科创达            | 初级车辆测试（初级技术员）(A13170)     | -K
  [ 50分] 中软国际            | 车载测试工程师                   | -K
  [ 50分] 素医健康            | 车载测试工程师                   | -K
  [ 50分] 北京云万信息科技        | 车载测试工程师                   | -K
  [ 50分] 承影科技            | 车载测试工程师                   | -K
  [ 50分] 璀璨智行            | 实车测试中级工程师                 | -K
  [ 50分] 迈思信息            | 车载测试（座舱测试，学信统专）           | -K
  [ 50分] 深圳漫奢生物科技        | 车载测试工程师（中控、仪表）            | -K
  [ 50分] 法本              | 智驾测试（标注）                  | 
  [ 50分] 深圳市锐明技术         | 产品助理实习生-自动驾驶产品(J12457)    | -元/天
  [ 50分]                 | 自动驾驶数据诊断员                 | 
  [ 50分] 全晓信息            | 车载测试（通信 车联网）              | -K
  [ 50分] 杭州昌瑞软件有限公司      | 机器人测试（包食宿-线上面试-长沙上班）      | -K
  [ 50分] 深圳市锐明技术         | 算法测试实习生(J11848)           | -元/天
  [ 50分]                 | 自动驾驶测试交付工程师               | 
  [ 50分] 软通动力            | 自动驾驶车辆测试员-珠海              | -K
  [ 50分] 斯路森工程技术         | ADAS测试工程师                 | -K
  [ 50分] 上海礼聪            | 智驾实车测试-苏州                 | -K
  [ 50分] 欧冶半导体           | 实车测试工程师（外包）               | -K
  [ 50分] 迈思信息            | ADAS测试工程师（英语可开口）          | -K
  [ 50分] 锐心观远            | ros机器人测试工程师               | -K
  [ 50分] 华苏科技            | 车载测试（全模块）                 | -K
  [ 50分] 上海思芮            | 车载测试（座舱、ota、车控、车身等其他）     | -K
  [ 50分] 中科创达            | 测试工程师(A31059)             | -K
  [ 50分] 深圳市锐明技术         | 算法测试实习生(J12082)           | -元/天
  [ 45分] 几何伙伴智能驾驶        | 自动驾驶测试安全员                 | 
  [ 45分] 辰海智驾测试          | 自动驾驶安全员                   | -K
  [ 45分] 几何伙伴智能驾驶        | L4自动驾驶测试工程师               | -K
  [ 45分] 英特莱汽车           | 智能座舱/辅助驾驶测试【驾驶员】—安全员      | -K
  [ 45分] 苏州数采智联科技        | NOA智驾安全员（上海/深圳/芜湖）        | -K
  [ 45分] 全道科技            | 自动驾驶安全员（车企大厂）             | -K
  [ 45分] 盟识科技            | 自动驾驶测试工程师岗位               | -K
  [ 45分] 文远知行            | 自动驾驶平台开发实习生 (2027届-可转正)   | -元/天
  [ 45分] 上海携玉信息科技        | 数据采集                      | -K
  [ 45分] 上海星途标注科技        | 数据采集兼职                    | -元/时
  [ 45分] 云百讯             | 机器人数据采集专员                 | -K
  [ 45分] 科度信息            | 外业采集员（暑期实习）               | -元/天
  [ 45分] 时代云驰            | 车联网测试工程师                  | -K
  [ 45分] 一汽大众            | adas测试工程师                 | -K
  [ 45分] 软件评测            | adas测试工程师（RCW/SBR）        | -K
  [ 45分] 景烁科技            | 智驾测试量产QA—包三餐+单休           | -K
  [ 45分] 软通动力            | 车载测试                      | -K
  [ 45分] 时代云驰            | 车载测试工程师                   | -K
  [ 45分] 沈阳美欧迪汽车技术       | 车载测试工程师                   | -K
  [ 45分] 哈啰普惠            | 自动驾驶测试工程师/专家（实车测试）        | -K·薪
  [ 45分] 版石软件(上海)        | 车载测试-ADAS-会日语-需要到面        | -K
  [ 45分] 一汽大众            | 助理ADAS测试工程师               | -K
  [ 45分] ARRK Engineering | ADAS Testing Engineer ADA | -K·薪
  [ 45分] 上海赛赛汽车          | adas测试工程师APA              | -K
  [ 45分] 版石软件(上海)        | 车载软件开发测试~ADAS辅助驾驶~双休      | -K
  [ 45分]                 | 自动驾驶道路测试工程师               | 
  [ 45分] 金钢科技            | 机器人整机测试工程师                | -K·薪
  [ 45分] 中科创达            | 车载测试pm(adas)              | -K
  [ 45分]                 | 车载测试                      | 
  [ 45分] 艾尔动力            | ADAS智能驾驶机器人测试工程师          | -K
  [ 45分] 安徽领目            | adas测试工程师                 | -K
  [ 45分]                 | ADAS测试                    | 
  [ 45分] 经纬恒润            | 自动驾驶测试工程师                 | -K
  [ 45分] 重庆软维科技有限公司      | 智能驾驶测试                    | -K
  [ 45分] 宁橡新能源汽车电子       | 智能驾驶 / ADAS 仿真测试工程师       | -K
  [ 45分] 西图盟             | 智能驾驶测试工程师                 | -K
  [ 45分] 西图盟             | 智能驾驶测试工程师                 | -K
  [ 45分] 吉利研究院           | 智能驾驶测试【外包岗位】              | -K
  [ 45分] 西图盟             | 智能驾驶测试工程师                 | -K
  [ 45分]                 | 智驾测试工程师                   | 
  [ 45分] 济让              | 车载测试工程师（吉利外协）             | -K
  [ 45分]                 | 智能驾驶测试工程师 (智能驾驶测试)        | 
  [ 45分] 孔像汽车            | 自动驾驶测试工程师                 | -K
  [ 45分]                 | 智能驾驶安全员                   | 
  [ 45分] 启强科技            | 智驾测试                      | -K
  [ 45分] 骏玖电子            | 座舱智驾测试工程师                 | -K·薪
  [ 45分] 埃科汽车            | 智驾测试工程师+双休+五险一金           | -K·薪
  [ 45分] 智达诚远            | 车载测试（台架/座舱/语音）-宁波吉利       | -K
  [ 45分] 允皓智能            | 海珠 智能驾驶测试 五险一金 包吃         | -K
  [ 45分] 宇莱智能科技          | 自动车辆测试安全员 五险一金 5-9K 福利多   | -K
  [ 45分] 沈阳职通未来信息技术      | 自动驾驶路测安全员（广州） | 五险一金      | -K
  [ 45分] 茂名市惠宇科技信息       | 无人驾驶安全员（可接受无经验）           | -K
  [ 45分] 东信创智            | 车载测试工程师                   | -K
  [ 45分] 宇莱智能            | 招广州海珠区无人驾驶测试安全员 五险一金      | -K
  [ 45分] 乐萌少儿编程思维中心      | 机器人教学主管                   | -K
  [ 45分]                 | （自动驾驶无人车）初级测试工程师【实习】      | 
  [ 45分]                 | 车辆测试员                     | 
  [ 45分] 匀极网络科技有限公司      | 自动驾驶安全员|10万公里老司机|五险一金     | -K
  [ 45分] 上海星光瀚澜智能科技      | L4自动驾驶道路测试工程师             | -K
  [ 45分] 东南维通            | 自动驾驶实车测试操作工程师             | -K
  [ 45分] 软通动力            | 智驾测试                      | -K
  [ 45分] 软通动力            | 线上面试/早九晚六/智驾测试            | -K
  [ 45分] 上海弈之杰信息技...     | ADAS智驾测试工程师               | -K
  [ 45分] 成都天软信息          | 车载测试工程师                   | -K
  [ 45分] 冲合信息技术          | 自动驾驶测试工程师                 | -K
  [ 45分] 无锡车联天下智能科技      | 车载测试专家                    | -K·薪
  [ 45分] 药明生物            | 机械自动化专业应届生 (MJ010021)     | -K
  [ 45分] 中科创达            | 智驾车载测试工程师                 | -K
  [ 45分] 盖硕网络            | 智能驾驶测试开发工程师               | -K
  [ 45分] 汉克时代            | 测试工程师（汽车）                 | -K
  [ 45分] 宽凳智云科技          | 自动驾驶道路测试工程师               | -K
  [ 45分] 杭州酷移机器人         | 自动驾驶安全员                   | -K
  [ 45分] 零跑科技            | 智驾测试工程师                   | -K·薪
  [ 45分] 曹操出行            | L4车载测试工程师                 | -K·薪
  [ 45分] 虹软科技            | ADAS解决方案工程师（校招）           | -K
  [ 45分] 零跑科技            | 智能驾驶泊车测试工程师               | -K·薪
  [ 45分]                 | 自动驾驶测试工程师                 | 
  [ 45分]                 | ADAS项目经理                  | 
  [ 45分] 虹软科技            | ADAS测试经理                  | -K·薪
  [ 45分] 联想集团            | 智驾测试工程师                   | -K
  [ 45分] 辽宁宏图            | 自动驾驶安全员——武汉               | -K
  [ 45分] 河南炎壤信息科技        | 智能驾驶测试工程师（六险二金/不加班）       | -K
  [ 45分] 拓维云创            | 车载测试                      | -K
  [ 45分] 深圳市一零二四机...     | 自动驾驶测试                    | -K
  [ 45分] 瞳行智联            | 车载测试岗位                    | -K·薪
  [ 45分]                 | 智能驾驶（行车）软件测试工程师           | 
  [ 45分] 比亚迪汽车工业         | 自动驾驶测试验收工程师               | -K
  [ 45分] 深圳市洁傲智能科...     | 整机测试工程师（小家电）              | -K
  [ 45分] 分音塔科技           | 机器人测试工程师                  | -K
  [ 45分] 分音塔科技           | 机器人测试工程师                  | -K
  [ 45分] 上海泰捷通信技术        | 机器人运维工程师                  | -K
  [ 45分] 自变量机器人          | 机器人研发测试助理                 | -K
  [ 45分] 北京软通动力云计...     | 传感器测试工程师                  | -K
  [ 45分] 软通动力            | 自动驾驶测试员（大厂外包岗）            | -K
  [ 45分] 西安星矩网络科技        | 无人车驾驶路测/司机                | -K·薪
  [ 45分] 米米无忧            | 珠海双休 + 五险一金智驾测试员          | -K
  [ 45分] 四川启明同舟数字科技      | 智驾测试员                     | -K
  [ 45分] 迈思信息            | 车载测试（ADAS经验 英语口语）         | -K
  [ 45分] 睿驰智车            | adas测试工程师助理               | -K
  [ 45分] 轻舟智航            | L4自动驾驶路测工程师               | -K·薪
  [ 45分] 上海舟恩信息          | 车载测试（嵌入式测试/复试现场）          | -K
  [ 45分] 晓枫股份            | 智驾测试主管                    | -K
  [ 45分] 魔法原子            | 机器人关节模组测试工程师              | -K·薪
  [ 45分] Momenta         | 自动驾驶agent实习生（C++）         | -元/天
  [ 45分] 德宜溪谷            | ADAS测试工程师                 | -K·薪
  [ 45分] 德宜溪谷            | 自动驾驶数据闭环实习生（数据验收方向）       | -元/天
  [ 45分] 中软国际            | 车载测试工程师                   | -K
  [ 45分] 江苏泽景            | 车载测试                      | -K·薪
  [ 45分] 上海思芮            | 车载测试工程师(集团/长期/双休/批量/紧急)   | -K
  [ 45分] 仕博测试            | 智能驾驶路测工程师                 | -K·薪
  [ 40分]                 | C驾照 自动驾驶安全员 智驾司机 双休       | 
  [ 40分] 中软国际            | 数据分析-自动驾驶方向               | -K
  [ 40分] 斯年智驾            | 自动驾驶测试实施工程师               | -K
  [ 40分]                 | 自动驾驶测试安全员                 | 
  [ 40分]                 | 自动驾驶软件实习生                 | 
  [ 40分] 畅云创客            | 具身智能数据采集员（包住宿）            | -元/天
  [ 40分]                 | 智驾数据采集运营质检（外业采集）          | 
  [ 40分] 37℃data         | 上海机器人数据采集员                | -元/天
  [ 40分] 荣晟智能            | 地图数据采集工程师                 | -K
  [ 40分] 复川              | 兼职数据采集——上海                | -元/时
  [ 40分] 慧翰股份            | 车联网测试助理                   | -K·薪
  [ 40分] 大连智捷企业管理...     | 车联网测试工程师-日英双语             | -K
  [ 40分] 极豆车联网           | Android开发工程师【车联网/智能座舱】    | -K·薪
  [ 40分]                 | OTA台架测试                   | 
  [ 40分]                 | 压缩机测试                     | 
  [ 40分] 采埃孚亚太集团有...     | 车辆测试工程师                   | -K·薪
  [ 40分]                 | 5G测试工程师                   | 
  [ 40分] 上海吾创            | 台架测试技师                    | -K
  [ 40分] 盟识科技            | 自动驾驶测试工程师-00025           | -K
  [ 40分]                 | 自动驾驶测试研发工程师（上海）           | 
  [ 40分] 李斯特技术中心(...     | 自动驾驶测试                    | -K
  [ 40分] 奇瑞汽车            | 智能驾驶泊车测试工程师               | -K
  [ 40分]                 | 自动驾驶系统工程师                 | 
  [ 40分] 艺溪云智科技          | 自动驾驶测试工程师                 | -K
  [ 40分] 曹操出行            | 新能源车司机会开自动挡就行             | -K
  [ 40分] 全道科技            | 自动驾驶测试驾驶员                 | -K
  [ 40分] 软通动力            | 自动驾驶测试(外派互联网大厂)           | -K
  [ 40分] 新石器慧通           | 【实习生】软件测试工程师（自动驾驶方向）      | -元/天
  [ 40分] 白犀牛             | 自动驾驶仿真工程师实习生              | -元/天
  [ 40分]                 | 智能网联自动驾驶感知算法实习生           | 
  [ 40分]                 | 科研助理实习-自动驾驶场景生成           | 
  [ 40分] 软件评测            | 智驾测试工程师（NOA）              | -K
  [ 40分] 北京出行            | 自动驾驶安全员                   | -K
  [ 40分] 白犀牛             | 自动驾驶算法实习生                 | -元/天
  [ 40分]                 | 自动驾驶系统测试实习生               | 
  [ 40分]                 | 自动驾驶系统实习生                 | 
  [ 40分]                 | 感知基座模型实习生-【自动驾驶】          | 
  [ 40分] 北京新都远景网络        | 自动驾驶测试                    | -K
  [ 40分] 百度              | 自动驾驶感知测试工程师实习生            | -元/天
  [ 40分]                 | 【急招】银行测试                  | 
  [ 40分] 江苏零浩            | 测试与安全                     | -K
  [ 40分] 软通动力            | 车载测试开发                    | -K
  [ 40分] 外企德科数字          | 大厂开发/测试/算法类（接受应届）         | -K·薪
  [ 40分] 易诚高科            | TBOX测试工程师                 | -K
  [ 40分] 松勤              | 车载测试助教讲师                  | -K
  [ 40分] 西安光脉汇嘉          | 智驾安全员                     | -K
  [ 40分] 万科物业            | 自动驾驶测试/短期6个月              | -K
  [ 40分] 经纬恒润            | 自动驾驶数据分析工程师               | -K
  [ 40分] 天津号易莱网通信...     | 游戏测试专员，无责底薪+双休，接受小白7K+    | -K
  [ 40分] 天津经纬恒润          | ADAS系统工程师                 | -K·薪
  [ 40分] 中科慧眼            | ADAS算法工程师-主动安全方向          | -K·薪
  [ 40分]                 | adas系统工程师                 | 
  [ 40分] 北京淞江科技有限公司      | 汽车电子工程师                   | -K
  [ 40分] 德力仪器设备          | 光路测试                      | -K
  [ 40分] 全晓信息            | 测试工程师-python              | -K
  [ 40分] 凯泽利             | ADAS功能设计开发                | -K
  [ 40分] 瑞立科密            | ADAS仿真工程师                 | -K·薪
  [ 40分] 中环储越            | 测试工程师                     | -K
  [ 40分] 石家庄划划科技         | 自动智能驾驶测试司机很简单.每天5到7小时.    | -K
  [ 40分] 研盟智控            | 测试员                       | -K·薪
  [ 40分] 软通动力            | UAT测试工程师（粤语+简单英文+银行项目）    | -K
  [ 40分] 网新恒天软件          | 测试工程师-外派电力项目              | -K·薪
  [ 40分] 深圳市芯光丰科技        | 生物岛自动驾驶安全员 6-10K 前景好 新趋势  | -K
  [ 40分] 广东汇博            | 工业机器人教师                   | -K
  [ 40分]                 | 整机测试工程师---深圳              | 
  [ 40分]                 | 机器人技术支持工程师                | 
  [ 40分] 江弘科技            | 机器人软件工程师                  | -K
  [ 40分]                 | 机器人仿真工程师                  | 
  [ 40分] 亿瑜              | 无人驾驶安全员                   | -K
  [ 40分] 全道科技            | 自动驾驶测试问题分析工程师             | -K
  [ 40分] 人瑞网络科技          | 路测问题分析员-带薪培训              | -K
  [ 40分] 安智杰研发中心         | adas软件开发工程师               | -K
  [ 40分] 与睿创新            | 测试工程师（智能外科方向）             | -K
  [ 40分] 未有科技            | 智能驾驶地图定位工程师               | -K·薪
  [ 40分] 景烁科技            | 自动驾驶标注                    | -K
  [ 40分] 一汽大众            | 助理智能驾驶产品工程师【捷达】           | -K
  [ 40分]                 | 自动驾驶测试工程师                 | 
  [ 40分] 锐明智通科技          | 自动驾驶感知算法实习生               | -元/天
  [ 40分] 明月华炎            | 车载Android（成都）             | -K
  [ 40分]                 | 智能终端测试工程师                 | 
  [ 40分] 北京软通动力云计...     | 座舱软件测试-双休/大厂外包            | -K
  [ 40分] 康明斯天远北京分公司      | 车载测试工程师                   | -K
  [ 40分]                 | 仓储自动化海外项目专员【直管用工】         | 
  [ 40分] 杭州三陆五           | 智驾测试-懂智驾会开车就行             | -K
  [ 40分] 大连致胜科技          | ADAS仿真测试工程师               | -K
  [ 40分] 谱尼              | 汽车热管理测试                   | -K
  [ 40分]                 | 自动驾驶安全员-武汉                | 
  [ 40分] 威盛              | 自动驾驶算法研究实习生               | -元/天
  [ 40分]                 | 自动驾驶安全员                   | 
  [ 40分] 伟世通汽车电子         | 自动化测试工程师                  | -K·薪
  [ 40分] 融云创新科技          | 机器人测试工程师                  | -K
  [ 40分]                 | 车企自动驾驶数据标注/质检             | 
  [ 40分] 上海悦行合肥分公司       | 武汉国企直招自动挡驾驶员              | -K
  [ 40分] 杭州佰钧成           | 车载测试-智驾                   | -K
  [ 40分] 法本              | 鸿蒙测试                      | -K
  [ 40分]                 | 软件测试（智驾 龙岗）               | 
  [ 40分] 佑驾创新            | ADAS项目经理                  | -K
  [ 40分] 美团              | 无人车测试安全员                  | -K
  [ 40分] 同舟技术            | 车载ivi测试                   | -K
  [ 40分] 法本              | 车载测试（仪表、carplay、中控）惠州办公   | -K
  [ 40分] 麦格米特            | 车载驱动器测试工程师                | -K
  [ 40分] 众科聚达            | ID设计师、工业设计师（车载产品）双休       | -K
  [ 40分] 华为终端有限公司        | 车载产品售后技术支持                | -K·薪
  [ 40分]                 | 车载Android开发               | 
  [ 40分]                 | 无人车测试主管                   | 
  [ 40分] 华鑫信息            | 智能座舱功能测试工程师-深圳            | -K
  [ 40分]                 | 产品经理（车载终端）                | 
  [ 40分]                 | Android车载应用开发工程师          | 
  [ 40分]                 | 车载/机器人等新业务拓展专家            | 
  [ 40分]                 | FAE工程师（车载）                | 
  [ 40分] 杭州七凌            | 机器人软件测试工程师                | -K
  [ 40分] 北京软通动力云计...     | 机器人测试工程师                  | -K
  [ 40分] 众科聚达            | 项目专员（车载3C消费电子）双休、五险一金     | -K
  [ 40分] 智慧派             | 车载mcu软件工程师                | -K
  [ 40分]                 | EMC测试工程师（车载）              | 
  [ 40分] 齐昌网络            | 新能源汽车测试工程师                | -K
  [ 40分] 济南多点聘信息科技       | 自动驾驶测试员+五险一金+双休           | -K·薪
  [ 40分] 米米无忧            | 珠海+智驾测试司机（非网约车）+双休        | -K
  [ 40分] altenchina      | 智能驾驶系统测试工程师-AEB测试         | -K·薪
  [ 40分] 晓枫股份            | 智驾测试工程师                   | -K
  [ 40分] 江苏湿曼电器科技集团      | 测试员                       | -K
  [ 40分]                 | 智驾测试【外企+统本+英语】            | 
  [ 40分] 苏州智惟科技          | 车辆测试工程师                   | -K
  [ 40分]                 | 总线测试工程师                   | 
  [ 40分] 北京软通动力云计...     | 车载测试                      | -K
  [ 40分] Momenta         | 自动驾驶系统研发实习                | -元/天
  [ 40分]                 | 自动化测试                     | 
  [ 40分]                 | 自动驾驶软件开发工程师（实习）           | 
  [ 40分] 传音控股            | 交付测试工程师（充电方向）             | -K
  [ 40分] 东信创智            | 整车网络通信测试工程师               | -K
  [ 40分] 上海悦行合肥分公司       | 重庆自动挡国企平台驾驶员              | -K
  [ 40分] 长线智能            | 自动驾驶数据采集                  | -K·薪
  [ 40分] 长线智能            | 自动驾驶数据采集                  | -K·薪
  [ 40分]                 | 自动驾驶可视化产品实习生              | 
  [ 40分] 上海思芮            | 系统测试工程师-座舱测试-统招专及以上       | -K
  [ 40分] 传音通讯技术          | 软件测试实习生                   | -元/天
  [ 40分] 芯知科技            | 车载语音/座舱测试PM               | -K
  [ 40分] 爱回收             | 本地六险一金/店铺测试师/就近分配/社保      | -K
  [ 40分] 重庆渝逗人工智能科技      | AI软件测试工程师                 | -K
  [ 40分] 康硕电气            | 三坐标测试员                    | -K
  [ 40分] 传音控股            | 温升测试员                     | -K
  [ 40分] 上海思芮            | 车载系统测试工程师（动力、底盘）          | -K
  [ 40分]                 | 系统测试工程师（汽车项目）             | 
  [ 40分] 奇安信集团           | 渗透测试工程师（驻场）-重庆            | -K
  [ 40分] 鑫源汽车有限公司        | 辅助驾驶工程师                   | -K·薪
  [ 40分] 赛力斯汽车           | 智能驾驶产品工程师（泊车/行车）          | -K
  [ 40分]                 | 自动化实施                     | 
  [ 40分]                 | 自动驾驶规控算法工程师               | 
  [ 40分]                 | 实施测试工程师                   | 
  [ 40分]                 | 自动驾驶测评体系研究工程师             | 
  [ 40分]                 | 自动驾驶端到端模型算法研究员 (MJ001250) | 
  [ 40分]                 | OTA测试工程师（base宁波，吉利）       | 
  [ 40分] 重庆蓝思晨科技         | 车载ai数据标注                  | -K
  [ 40分]                 | 车载 Android 开发工程师（网联）      | 
  [ 40分] 华苏科技            | 车载系统测试工程师                 | -K
  [ 40分] 深圳市锐明技术         | 算法测试实习生(J12476)           | -元/天
  [ 40分] 中联重科            | 农机智能驾驶测试工程师               | -K·薪
  [ 40分] 深圳市锐明技术         | 算法测试实习生(J12473)           | -元/天
  [ 40分] 湖南立中科技          | 智能驾驶测试部长                  | -K
  [ 40分]                 | 智能机器人硬件及嵌入式产品测试实习         | 
  [ 35分] 北京时迅顺达科技        | 数据采集员                     | -K
  [ 35分] 中汽研上海           | 车联网安全工程师                  | -K
  [ 35分] 上海驿川供应链管理       | 认证工程师+（WIFI+BT）           | -K
  [ 35分] 广电计量            | 智能网联汽车测试工程师               | -K
  [ 35分] 法本              | 实车测试（有NOA经验）              | -K
  [ 35分] 北京软通动力云计...     | 道路测试工程师                   | -K
  [ 35分] 禾苗通信            | camera测试工程师               | -K
  [ 35分]                 | 智驾模型测试工程师（泊车）             | 
  [ 35分]                 | 自动驾驶定位和SLAM工程师            | 
  [ 35分] 中软国际            | 车载测试/python自动化测试*13薪+线上面试 | -K
  [ 35分] 中科创达            | ADAS 测试工程师                | -K
  [ 35分] 北京汽车            | ADAS系统工程师                 | -K
  [ 35分] ARRK Engineering | ADAS Testing Engineer     | -K·薪
  [ 35分] 流马锐驰            | adas系统工程师                 | -K·薪
  [ 35分] 符代企业管理咨询...     | 测试工程师（整车测试）               | -K
  [ 35分] 江苏优闼数据科技...     | 楼宇测试工程师                   | -K
  [ 35分] 四川人瑞            | 测试标定工程师（台架搭建 实车测试）        | -K
  [ 35分] 中科创达            | 实车测试工程师（泊车方向）(A221685)    | -K
  [ 35分] 极豆车联网           | HIL仿真测试工程师（外派酷睿程全额五险）     | -K
  [ 35分] 雄狮科技            | 车载测试工程师（实车测试）             | -K·薪
  [ 35分] 安徽克莱因信息技...     | 车辆测试工程师                   | -K
  [ 35分] 晟拓              | 智能驾驶路测工程师                 | -K
  [ 35分] 构尔汽车            | 实车测试工程师                   | -K
  [ 35分] 上海华驿汽车技术公司      | 车载测试—车身域控/智能座舱（合肥）        | -K
  [ 35分] 迈思信息            | 车载测试（经理）                  | -K
  [ 35分] 上海翼锐汽车科技        | 车载测试工程师-座舱or车控            | -K
  [ 35分] 沐澜科技            | zcu控制器实车测试工程师             | -K
  [ 35分] 武汉克莱蒙特科技技术      | AP自动泊车测试工程师               | -K
  [ 35分] 北京真蓝无限科技        | 智能驾驶路测工程师                 | -K·薪
  [ 35分] 广州市维客电子科技       | 实车测试工程师【靠近地铁+有食堂+双休】      | -K
  [ 35分] 深圳漫奢生物科技        | 车载测试-中控仪表                 | -K
  [ 35分]                 | 测试工程师（黄埔）                 | 
  [ 35分] 东信创智            | 车身域HIL测试                  | -K
  [ 35分] polelink        | 车身域控测试工程师                 | -K
  [ 35分]                 | 基础技术测试岗                   | 
  [ 35分]                 | 测试岗                       | 
  [ 35分]                 | 测试工程师（驻场农行+现场面试）          | 
  [ 35分] 京东世纪贸易有限公司      | 自动驾驶车辆运维工程师               | -K·薪
  [ 35分] 慧博云通            | 测试工程师（粤语 UAT 短期项目）        | -K
  [ 35分] 拓保软件            | 嵌入式软件测试工程师                | -K
  [ 35分] 程星通信            | 天线测试工程师                   | -K·薪
  [ 35分] 羽宙电商            | ai机器人训练师                  | -K
  [ 35分] 允皓智能            | 无人汽车驾驶安全员                 | -K
  [ 35分] 纬致芯创科技          | 嵌入式软件测试-小鹏 线上面试           | -K
  [ 35分] 榆林飞火轮汽车服务       | 榆林无人驾驶测试工程师两小时两百自带小车      | -K
  [ 35分] 银兴科技            | 实车测试                      | -K
  [ 35分] 海橘              | 实车测试                      | -K
  [ 35分] 奇瑞汽车            | 车身控制器实车测试                 | -K·薪
  [ 35分] 长沙行深智能科技...     | 实车测试工程师                   | -K
  [ 35分] 长城汽车            | 系统测试工程师                   | -K
  [ 35分] auskey          | 车载语音测试工程师-成都              | -K
  [ 35分] 信必优Symbio       | 测试工程师（LINUX+C+视频编解码/驱动）   | -K·薪
  [ 35分] 伟博科技            | ADAS集成测试工程师               | -K
  [ 35分] 博世中国 / 集团       | ADAS HIL仿真测试工程师_BCSC      | -K·薪
  [ 35分] 虹软科技            | ADAS系统工程师（测试方向）           | -K
  [ 35分]                 | 无人驾驶算法工程师                 | 
  [ 35分] 中科创达            | 车载测试工程师（base宁波）           | -K
  [ 35分] 软通动力            | 智能网卡测试                    | -K
  [ 35分] 杭州登元            | 测试与QA工程师                  | -K
  [ 35分] 极目智能|智能驾驶       | 车载测试工程师                   | -K
  [ 35分] 克莱蒙特            | 智能驾驶仿真测试工程师               | -K
  [ 35分] 湖北方驰英才教育科技      | 车载测试讲师                    | -K
  [ 35分]                 | 车载测试工程师（短期）               | 
  [ 35分] 聚才云途            | 智能驾驶系统行车和泊车测试             | -K
  [ 35分] 润芯微             | 实车测试工程师（渗透测试、整车合规测试）      | -K
  [ 35分] 北京简精科技有限公司      | 实车测试工程师                   | -K
  [ 35分]                 | 项目经理（自动驾驶方向外包岗）           | 
  [ 35分] 优创亿科技有限公司       | 初级测试工程师                   | -K
  [ 35分]                 | 初级测试工程师                   | 
  [ 35分] 众鸿科技            | 测试工程师（车载）                 | -K
  [ 35分] 深德科             | 飞行测试（大厂双休）                | -K
  [ 35分]                 | 内招C1自动挡驾驶员 工资周结           | 
  [ 35分] 罗宾艾克斯           | 自动驾驶系统工程师                 | -K·薪
  [ 35分] 深圳市鸿源瑞投资企业      | 半挂车驾驶员                    | -K
  [ 35分]                 | 测试工程师（机器人方向）              | 
  [ 35分]                 | 运维工程师（无人驾驶领域）             | 
  [ 35分] 智迈特             | QA测试工程师                   | -K·薪
  [ 35分] 卓驭              | ADAS软件开发工程师               | -K·薪
  [ 35分] 米哈哈             | 研发助理（NOA测试）               | -K
  [ 35分] 拼多多集团-PDD       | 电器安规测试工程师                 | -K·薪
  [ 35分] 芯动力             | 测试助理（实习生)                 | -元/天
  [ 35分] 未来机器人（深圳...     | 测试工程师（出差合肥）               | -K
  [ 35分] 海橘              | 实车测试工程师                   | -K
  [ 35分]                 | 光学测试工程师                   | 
  [ 35分] 海橘              | demo实车测试（英语）              | -K
  [ 35分] 道通科技            | 实车测试工程师                   | -K
  [ 35分] 广州千棠科技有限公司      | 智能驾驶测试工程师助理(六险二金)         | -K
  [ 35分] 智达诚远            | 座舱车载测试（吉利项目）-不背调          | -K
  [ 35分] 深圳快点见           | AI实习生（车载数字钥匙协议方向）         | -K
  [ 35分] 上海思芮            | 系统测试（座舱/车控/adas/ota/动力等）  | -K
  [ 35分]                 | 车载测试培训讲师                  | 
  [ 35分] 重庆小猿科技有限公司      | 车载测试讲师                    | -K
  [ 35分] 道通科技            | 实车测试工程师                   | -K
  [ 35分] 马士兵(北京)教...     | 车载测试讲师                    | -K
  [ 35分] 五号智能            | 车辆测试工程师                   | -K·薪
  [ 30分] 慧图科技            | 数据采集员（北京/上海）              | -K
  [ 30分] 君色文化传播          | 照片数据采集员                   | -K
  [ 30分] 常州市阳成信息科技       | 无人智能驾驶安全采集数据员             | -K
  [ 30分] 常州市阳成信息科技       | 无人智能驾驶安全采集数据员             | -K
  [ 30分]                 | 数据采集                      | 
  [ 30分] 深圳市大德众和科技       | 通辽农业地图数据采集                | -元/天
  [ 30分] 畅云创客            | 动捕数据采集专员                  | -元/天
  [ 30分] 泛星科技            | 大学生兼职数据采集员—图书馆书店等         | -元/时
  [ 30分] 上海橘盈科技有限公司      | 发动机标定采集工程师                | -K
  [ 30分]                 | 机器人数据采集-缴纳五险一金            | 
  [ 30分]                 | 具身机器人数据采集                 | 
  [ 30分]                 | 车载语音测试                    | 
  [ 30分] 斑马智能            | 车载语音测试                    | -K
  [ 30分] 零起              | v2x仿真测试工程师                | -K
  [ 30分]                 | 台架测试员                     | 
  [ 30分] 珩渥检测            | 检测认证工程师                   | -K
  [ 30分] 舟迹              | 认证专员                      | -K
  [ 30分] 擎朗智能            | 机器人认证测试实习生                | -元/天
  [ 30分] TUV莱茵           | 高低压-设配电-检测认证工程师           | -K·薪
  [ 30分] 兴宝检测            | 检测认证测试工程师                 | -K
  [ 30分] 华为              | 【实习】硬件测试开发工程师             | -元/天
  [ 30分] 上海吾创            | ADAS数据分析                  | -K
  [ 30分] 天津美芒信息科技        | 电子电器测试工程师 (电性能测试)         | -K
  [ 30分] 上海翼锐汽车科技        | adas标定测试工程师               | -K
  [ 30分] 广电计量            | 智能网联汽车测试工程师               | -K
  [ 30分] 微创软件            | 现场测试员                     | -K
  [ 30分] 讯锡科技            | 车载测试 江浙沪有岗 外包大厂           | -K
  [ 30分] 火熠              | 车载测试开发                    | -K
  [ 30分] 奇瑞汽车股份有限公司      | 自动/智能驾驶测试工程师              | -K·薪
  [ 30分] 中软国际            | 车载测试接受项目助理岗               | -K
  [ 30分] 爱荔枝             | 车载测试兼职                    | -元/时
  [ 30分]                 | 车载测试工程师（驻场宁波吉利）           | 
  [ 30分]                 | 车载测试工程师（车身）               | 
  [ 30分] 宇量昇             | 封装测试技术员                   | -K·薪
  [ 30分] 华为              | 车载测试                      | -K
  [ 30分] 润和软件            | 车载测试工程师                   | -K
  [ 30分] 华为技术有限公司        | 智能驾驶软件/硬件/底软BSP测试测试岗位     | -K
  [ 30分] 中科创达软件          | 智能驾驶FAE工程师（base深圳）(A49599 | -K
  [ 30分] 远峰科技            | 辅助驾驶系统模型工程师               | -K
  [ 30分] 恩创科技            | 测试组长（五金压铸行业）              | -K
  [ 30分] 长城汽车            | 辅助驾驶测试工程师                 | -K·薪
  [ 30分] 滴滴              | 27届秋储-商业分析-自动驾驶 (MJ017834 | -元/天
  [ 30分] 法本              | 车载测试（问题分拣）双休-三班 有夜班补贴     | -K
  [ 30分]                 | 无人驾驶算法运维工程师               | 
  [ 30分] 福瑞股份            | 自动驾驶系统工程师                 | -K·薪
  [ 30分] 理想汽车            | 【非正岗】地图导航软件测试             | -K
  [ 30分] 上海瑞应            | 热管理空调测试标定工程师（台架 + 实车）     | -K
  [ 30分] 河南天炯信息科技        | 车载功能测试（五险一金/可接受应届生）       | -K·薪
  [ 30分] 人瑞网络科技          | 车载测试-车机安卓方向-长城外包-统招学历     | -K
  [ 30分] 杭州真至数智科技公司      | 车载测试（北京短期）                | -K
  [ 30分]                 | 车载小爱产品实习                  | 
  [ 30分]                 | 车载系统测试实习生                 | 
  [ 30分] 无锡凡特            | ADAS自动驾驶仿真工具开发            | -K
  [ 30分] 东信创智            | 动力底盘测试                    | -K
  [ 30分] 四川星河智略网络科技      | 车载测试工程师                   | -K
  [ 30分] 成都学到职业技能培训      | 整机/车载测试讲师                 | -K
  [ 30分] 博为峰             | IT培训讲师（有车载测试/游戏测试经验）      | -K·薪
  [ 30分]                 | 蓝牙/车载测试专家                 | 
  [ 30分] 魏桥新能源汽车         | 智能驾驶测试工程师                 | -K
  [ 30分]                 | 车载测试助教                    | 
  [ 30分]                 | 智能驾驶测试工程师                 | 
  [ 30分] 北京经创聚源          | ADAS HIL自动化测试工程师          | -K
  [ 30分] 宁橡新能源汽车电子       | ADAS 整车集成测试               | -K
  [ 30分] 勒炫              | 辅助驾驶测试                    | -K
  [ 30分] 长城汽车            | 智能辅助驾驶系统工程师               | -K
  [ 30分] 吉利研究院           | ADAS系统工程师                 | -K
  [ 30分] 四川省才佑科技         | 智能驾驶测试工程师+双休+五险一金         | -K
  [ 30分] 光庭              | 智能座舱测试工程师                 | -K
  [ 30分] 深圳智力电源有限公司      | 车载测试（base武汉）              | -K
  [ 30分] 岱思              | 车载多媒体主机（FM收音）测试员          | -K
  [ 30分]                 | 通信测试工程师                   | 
  [ 30分]                 | 软件测试工程师（CAE）              | 
  [ 30分] 华苏科技            | 智驾动力测试                    | -K
  [ 30分] 古猿科技            | 诊断车载测试                    | -K
  [ 30分] 犀重汽车            | 智驾标定测试工程师                 | -K
  [ 30分] 长春风火轮科技         | 车载测试工程师-                  | -K
  [ 30分] 成都翼创雷行智能科技      | 【校招】车载Java后端开发            | -K
  [ 30分]                 | 整车功能测试工程师                 | 
  [ 30分] 软通动力            | 华为MDC智能驾驶专家               | -K
  [ 30分] 凯翼汽车            | 智能驾驶（零部件及系统开发）            | -K·薪
  [ 30分] 鑫达软件            | 测试工程师                     | -K
  [ 30分] 鑫达软件            | 测试工程师                     | -K
  [ 30分] 上海铮旗信息          | 功能测试                      | -K
  [ 30分] 华坤检测            | 金属材料测试工程师                 | -K
  [ 30分] 艾舜光电            | 研发测试技术员                   | -K·薪
  [ 30分] 上海悦行合肥分公司       | 无锡国企自动挡驾驶员                | -K
  [ 30分] 无锡黑骑士科技         | 电动车测试工程师（二轮车）             | -K
  [ 30分] 中科芯             | 测试员                       | -K
  [ 30分] 上海铮旗信息          | 车载功能测试（线上面试）              | -K
  [ 30分] 洛世达             | 服装测试专员                    | -K·薪
  [ 30分] 中科芯             | 测试员                       | -K
  [ 30分]                 | 电芯测试技术员                   | 
  [ 30分] 无锡宇宁科技          | 测试技术员                     | -K·薪
  [ 30分]                 | 测试技术员（需倒班）                | 
  [ 30分]                 | 测试工程师（labview)            | 
  [ 30分] 武汉光庭            | Android开发工程师（车载）          | -K
  [ 30分] 无锡凡特            | 车载仪表/3D/车控应用开发工程师         | -K
  [ 30分] 伟博科技            | 车载网络通讯诊断测试                | -K
  [ 30分]                 | 车载系统性能                    | 
  [ 30分]                 | 安卓开发工程师（可无车载经验，多个方向）      | 
  [ 30分] 卓云智能科技          | 车载控制器Bootloader软件开发工程师    | -K
  [ 30分]                 | Cp测试工程师                   | 
  [ 30分] 杭州佬虎钳科技发展       | 自动驾驶数据标注项目经理              | -K
  [ 30分] 上海递归未来网络科技      | 智驾功能测试工程师-实车              | -K
  [ 30分] 中科创达            | 车载测试工程师-DHU               | -K
  [ 30分] 法本              | 测试工程师（动力域、DHU、整车集成）       | -K
  [ 30分] 承影科技            | 车载仪表测试（仪表模块 不背调 但统招）      | -K
  [ 30分] 中科创达            | 车载测试（座舱/实车/台架）            | -K
  [ 30分] 虹软科技            | 智能车载测试项目经理                | -K
  [ 30分]                 | 智能驾驶测试工程师                 | 
  [ 30分] 法本              | 急急急急急智能驾驶功能安全与信息安全测试      | -K
  [ 30分]                 | 智能驾驶测试售后支持工程师             | 
  [ 30分]                 | 无人驾驶安全员                   | 
  [ 30分] 东风汽车            | 智能驾驶与座舱-东风汽车研发总院          | -K
  [ 30分] 深圳漫奢生物科技        | 车载测试（中控、仪表、tbox都要人）       | -K
  [ 30分] CLPS华钦软件        | 车载测试工程师-国内项目-长期项目         | -K
  [ 30分] 深圳维勤技术咨询        | 车载测试工程师（中控/仪表/T-box）      | -K
  [ 30分] 中软国际            | 车载测试（座舱方向）+武汉             | -K·薪
  [ 30分] INTEST          | 车载测试工程师（驻场）               | -K
  [ 30分]                 | 车载测试助教|上市大厂稳岗双休不加班        | 
  [ 30分] 上海悦行合肥分公司       | 武汉内招C1自动挡驾驶员              | -K
  [ 30分]                 | 智能驾驶仿真测试工程师-研发总院          | 
  [ 30分] 她趣信息技术有限公司      | 测试校招生                     | -K·薪
  [ 30分] 深圳市锐明技术         | 软件测试实习生（深圳）(J12322)       | -元/天
  [ 30分] 聚星智能            | 外协半导体测试技术员（非标自动化）         | -K
  [ 30分]                 | 测试开发工程师                   | 
  [ 30分] 深圳甜满科技有限公司      | 小家电整机测试                   | -K
  [ 30分] 深圳漫奢生物科技        | 硬件测试(整机黑盒）                | -K
  [ 30分] 驭势科技            | 自动驾驶部署测试工程师               | -K
  [ 30分]                 | 测试工程师_无人机                 | 
  [ 30分] 四川省才佑科技         | 智能驾驶测试员/17薪/五险一金          | -K
  [ 30分] 三一海洋重工有限公司      | 智能驾驶算法工程师（感知方向）           | -K·薪
  [ 30分] 上海嘉驰信息技术咨询      | 车载语音测试-语义测试经验-短期三个月       | -K
  [ 30分]                 | TPM(智能驾驶)                 | 
  [ 30分] 豪米波             | 毫米波雷达功能测试工程师              | -K·薪
  [ 30分]                 | 自动驾驶传感器工程师                | 
  [ 30分] 陕西方驰教育科技        | 车载测试讲师                    | -K
  [ 30分] 欧菲车联            | 车载测试授课老师                  | -K
  [ 30分] 中软国际            | 车载测试                      | -K
  [ 30分] 长线智能            | 智能驾驶软件测试工程师               | -K·薪
  [ 30分]                 | 智能汽车测试安全员                 | 
  [ 30分] 赛力斯汽车           | 问界-车载测试                   | -K·薪
  [ 30分]                 | 车载测试工程师助理                 | 
  [ 30分] 中软国际            | 车载测试（五险一金双休）              | -K
  [ 30分] 纬致科技上海          | 自动化车载测试                   | -K
  [ 30分] 重庆君歌电子科技        | 光学工程师（车载摄像头）              | -K·薪
  [ 30分] 湖南秒数分软件科技       | 学徒车载测试工程师                 | -K
  [ 30分] 宏宇职业培训          | 车载测试培训师                   | -K
  [ 25分] 科络达云软件技术...     | 车联网项目经理（车载OTA项目）          | -K
  [ 25分] 上海礼聪            | 车联网-TSP/T-BOX- DRE        | -K
  [ 25分] Intertek天祥集团    | 认证工程师-电子电气                | -K·薪
  [ 20分] 春田信息            | 机器人采集                     | -K
  [ 20分] 上海友衷            | 车联网功能开发工程师                | -K
  [ 20分]                 | linux测试工程师                | 
  [ 20分]                 | 车载底层测试                    | 
  [ 15分] ZD              | 智能座舱测试工程师                 | -K
  [ 15分] 武汉讯锡云科技         | 保险测试                      | -K
  [ 10分] 博坦德上海           | 导航与车联网验证测试工程师             | -K·薪
  [ 10分] 芜湖正驰汽车科技        | Android开发工程师（车联网方向）       | -K
  [ 10分] 全晓信息            | 智能网联项目经理（车联网、智能座舱）        | -K
  [ 10分] 众鼠科技            | 车联网全栈开发工程师（C++/Java）      | -K
  [ 10分]                 | 台架测试                      | 
  [  5分] 天津智创新业科技        | 车载网络诊断测试                  | -K
  [  5分] 西图盟             | 充电系统测试                    | -K
  [  5分]                 | 车身域测试                     | 
  [  5分] 储融检测            | 项目认证工程师                   | -K·薪
  [  5分] 上海安诺尔认证服务       | 安诺尔认证事业部总经理（认证检测）         | -K·薪

  ❌ 失败 3 个:
  - 辅助驾驶测试工程师 → 
与页面的连接已断开。
版本: 4.1.1.4
  - 整机项目经理 → 
与页面的连接已断开。
版本: 4.1.1.4
  - 系统测试工程师（整机测试） → 
与页面的连接已断开。
版本: 4.1.1.4

📄 HTML 报告已生成: /Users/liuwendi/projects/job-hunter/data/reports/report_2026-06-19_0117.html
=== Job Hunter 结束 2026-06-19 01:17:27 ===
